id,first_name,last_name,email,gender,ip_address,username,videos
1,Hinze,Landes,hlandes0@eepurl.com,Male,195.5.157.56,hlandes0,41
2,Winny,Gryglewski,wgryglewski1@pcworld.com,Male,208.129.237.231,wgryglewski1,48
3,Willow,Lum,wlum2@amazonaws.com,Female,16.172.33.134,wlum2,61
4,Jacqui,Yanshonok,jyanshonok3@artisteer.com,Female,122.110.182.133,jyanshonok3,32
5,Rowland,Inott,rinott4@usda.gov,Male,150.151.124.90,rinott4,18
6,Anet,Aldcorn,aaldcorn5@arizona.edu,Female,75.55.84.215,aaldcorn5,12
7,Stephen,Giffkins,sgiffkins6@nymag.com,Male,179.183.239.120,sgiffkins6,53
8,Rhoda,Lamba,rlamba7@biblegateway.com,Bigender,183.106.48.62,rlamba7,44
9,Calla,Lethley,clethley8@reverbnation.com,Female,165.214.168.102,clethley8,45
10,Elise,Yeude,eyeude9@360.cn,Female,185.158.18.65,eyeude9,60
11,Guenna,Farrer,gfarrera@tamu.edu,Female,250.205.39.200,gfarrera,17
12,Somerset,Loker,slokerb@vk.com,Polygender,57.183.227.150,slokerb,97
13,Tilda,Nudde,tnuddec@behance.net,Female,231.158.68.168,tnuddec,14
14,Jarid,Echelle,jechelled@addthis.com,Male,235.186.116.244,jechelled,7
15,Homer,Pritchett,hpritchette@tripadvisor.com,Male,179.108.110.159,hpritchette,14
16,Tiffy,Folbig,tfolbigf@infoseek.co.jp,Female,146.220.100.21,tfolbigf,97
17,Zelig,Isaacs,zisaacsg@disqus.com,Male,149.49.4.101,zisaacsg,48
18,Hanny,Chaffey,hchaffeyh@livejournal.com,Female,154.158.182.237,hchaffeyh,89
19,Devina,Ayce,daycei@indiatimes.com,Genderqueer,90.40.165.20,daycei,81
20,Massimo,Gath,mgathj@auda.org.au,Male,117.80.105.99,mgathj,41
21,Crystal,Beeho,cbeehok@buzzfeed.com,Female,104.108.226.142,cbeehok,25
22,Tobit,Silk,tsilkl@miitbeian.gov.cn,Male,51.80.107.74,tsilkl,33
23,Dionysus,Ayars,dayarsm@dyndns.org,Male,228.88.47.43,dayarsm,10
24,Gaile,Reid,greidn@about.com,Male,68.210.169.248,greidn,3
25,Thorndike,Alenichev,talenichevo@jugem.jp,Male,1.170.119.248,talenichevo,25
26,Ottilie,Nerheny,onerhenyp@tumblr.com,Female,49.59.222.109,onerhenyp,29
27,Terza,Enderby,tenderbyq@freewebs.com,Agender,30.228.101.96,tenderbyq,91
28,Sven,Casellas,scasellasr@nhs.uk,Male,143.67.66.124,scasellasr,17
29,Cristen,Howood,chowoods@blogs.com,Female,240.22.17.4,chowoods,13
30,Boris,Mathonnet,bmathonnett@answers.com,Bigender,254.244.49.134,bmathonnett,35
31,Kelly,Goosnell,kgoosnellu@amazonaws.com,Male,175.204.132.65,kgoosnellu,40
32,Edee,Heckney,eheckneyv@nytimes.com,Female,215.161.239.148,eheckneyv,81
33,Nathanael,Lengthorn,nlengthornw@github.com,Male,36.180.147.96,nlengthornw,48
34,Sayre,Jankovsky,sjankovskyx@qq.com,Female,245.101.25.30,sjankovskyx,22
35,Mose,Allenby,mallenbyy@usda.gov,Male,101.110.169.226,mallenbyy,87
36,Abbot,Bambury,abamburyz@ebay.co.uk,Male,71.126.152.163,abamburyz,16
37,Buiron,Smolan,bsmolan10@loc.gov,Male,223.4.114.81,bsmolan10,85
38,Albina,Collin,acollin11@webeden.co.uk,Female,122.154.95.113,acollin11,12
39,Nariko,Vondruska,nvondruska12@earthlink.net,Female,159.63.248.29,nvondruska12,1
40,Olivia,Dowley,odowley13@cargocollective.com,Female,19.222.113.20,odowley13,26
41,Roch,Tschierse,rtschierse14@bing.com,Female,237.53.41.154,rtschierse14,10
42,Ker,Keene,kkeene15@utexas.edu,Male,213.22.181.205,kkeene15,7
43,Alfie,Caldero,acaldero16@paginegialle.it,Male,225.66.185.158,acaldero16,23
44,Catlin,Lamburne,clamburne17@moonfruit.com,Female,120.148.203.238,clamburne17,35
45,Sophi,Ager,sager18@cmu.edu,Polygender,203.49.24.14,sager18,38
46,Rees,Wytchard,rwytchard19@telegraph.co.uk,Male,83.76.5.221,rwytchard19,10
47,Madelina,Embery,membery1a@macromedia.com,Female,4.7.119.111,membery1a,44
48,Zonnya,Ovell,zovell1b@army.mil,Female,15.209.87.179,zovell1b,28
49,Maddalena,Mellmer,mmellmer1c@telegraph.co.uk,Female,83.83.180.180,mmellmer1c,42
50,Kit,Kenset,kkenset1d@sina.com.cn,Male,43.196.194.101,kkenset1d,81
51,Piper,Gloyens,pgloyens1e@illinois.edu,Female,63.92.195.101,pgloyens1e,55
52,Kristian,Ackerman,kackerman1f@ycombinator.com,Male,202.124.49.249,kackerman1f,25
53,Daniele,Espino,despino1g@skype.com,Female,84.100.151.174,despino1g,87
54,Anne,Isenor,aisenor1h@fastcompany.com,Female,8.215.254.72,aisenor1h,27
55,Sephira,Cicco,scicco1i@plala.or.jp,Female,35.114.109.36,scicco1i,23
56,Gwenni,Freer,gfreer1j@nature.com,Female,18.152.179.75,gfreer1j,43
57,Frants,Wolledge,fwolledge1k@utexas.edu,Male,2.124.51.92,fwolledge1k,18
58,Lenette,Swyer-Sexey,lswyersexey1l@soundcloud.com,Female,190.126.193.22,lswyersexey1l,12
59,Gage,Hazlegrove,ghazlegrove1m@msu.edu,Male,92.108.175.60,ghazlegrove1m,79
60,Kaycee,Witty,kwitty1n@themeforest.net,Female,92.230.37.102,kwitty1n,75
61,Merrill,Scraggs,mscraggs1o@csmonitor.com,Male,217.38.254.123,mscraggs1o,55
62,Norbert,Witherup,nwitherup1p@delicious.com,Male,169.226.105.140,nwitherup1p,34
63,Nancie,Durrand,ndurrand1q@about.com,Female,156.208.123.34,ndurrand1q,41
64,Fonz,Harrington,fharrington1r@tripod.com,Male,204.84.46.48,fharrington1r,27
65,Wolfy,D'Cruze,wdcruze1s@qq.com,Bigender,194.109.221.192,wdcruze1s,39
66,Lothaire,Kochel,lkochel1t@weebly.com,Male,19.184.219.14,lkochel1t,95
67,Ambros,Rudinger,arudinger1u@senate.gov,Male,228.141.89.120,arudinger1u,66
68,Laverna,Eggleton,leggleton1v@princeton.edu,Female,97.202.149.220,leggleton1v,85
69,Norean,Laverick,nlaverick1w@amazon.com,Non-binary,140.51.144.5,nlaverick1w,62
70,Yank,Silley,ysilley1x@washingtonpost.com,Male,228.135.142.14,ysilley1x,100
71,Matthaeus,Mulliss,mmulliss1y@newsvine.com,Male,77.193.99.211,mmulliss1y,73
72,Meredeth,Snookes,msnookes1z@omniture.com,Male,48.23.206.121,msnookes1z,14
73,Gilberte,Doohan,gdoohan20@chronoengine.com,Bigender,69.226.255.108,gdoohan20,98
74,Asa,Edwards,aedwards21@ehow.com,Male,100.141.219.246,aedwards21,48
75,Joyous,Stanyard,jstanyard22@hp.com,Female,72.108.220.201,jstanyard22,26
76,Daphene,Adelman,dadelman23@wikimedia.org,Female,118.248.199.249,dadelman23,58
77,Derk,Usherwood,dusherwood24@thetimes.co.uk,Male,47.92.21.105,dusherwood24,5
78,Quillan,Sotheby,qsotheby25@blogger.com,Male,95.217.69.184,qsotheby25,14
79,Marta,Jimeno,mjimeno26@msu.edu,Female,156.193.131.215,mjimeno26,86
80,Tierney,Depper,tdepper27@go.com,Female,71.157.188.94,tdepper27,95
81,Camel,Bartlomieczak,cbartlomieczak28@icq.com,Female,75.135.40.0,cbartlomieczak28,59
82,Vitoria,Avrahamy,vavrahamy29@kickstarter.com,Female,123.41.109.201,vavrahamy29,98
83,Francene,Megarry,fmegarry2a@google.es,Agender,198.90.49.136,fmegarry2a,68
84,Sanders,Braithwait,sbraithwait2b@yelp.com,Male,108.176.203.116,sbraithwait2b,59
85,Olivie,Pickton,opickton2c@japanpost.jp,Female,244.234.21.116,opickton2c,98
86,Guthrie,McAneny,gmcaneny2d@purevolume.com,Male,215.208.68.47,gmcaneny2d,57
87,Abby,Gimert,agimert2e@soup.io,Female,80.64.41.198,agimert2e,65
88,Bobbi,Plaice,bplaice2f@sitemeter.com,Female,152.230.62.224,bplaice2f,61
89,Ingram,Chichgar,ichichgar2g@ed.gov,Male,103.186.120.44,ichichgar2g,66
90,Casey,Newark,cnewark2h@baidu.com,Male,214.150.71.73,cnewark2h,97
91,Hill,Ahmed,hahmed2i@dion.ne.jp,Polygender,232.126.200.113,hahmed2i,10
92,Laural,Androletti,landroletti2j@zdnet.com,Female,250.24.234.160,landroletti2j,71
93,Gwenny,Tonnesen,gtonnesen2k@cloudflare.com,Female,111.106.45.244,gtonnesen2k,76
94,Talia,Golden,tgolden2l@army.mil,Polygender,68.129.239.148,tgolden2l,32
95,Janeta,Cullivan,jcullivan2m@tumblr.com,Genderqueer,214.155.93.141,jcullivan2m,7
96,Yorgo,Barnardo,ybarnardo2n@yandex.ru,Male,255.30.95.160,ybarnardo2n,85
97,Constantia,Dibb,cdibb2o@chron.com,Female,142.57.81.49,cdibb2o,70
98,Rowland,Goretti,rgoretti2p@arstechnica.com,Male,174.193.56.175,rgoretti2p,12
99,Florentia,Kenrick,fkenrick2q@ovh.net,Female,120.216.183.186,fkenrick2q,81
100,Rochelle,Marie,rmarie2r@ebay.co.uk,Female,91.185.76.140,rmarie2r,27
101,Cazzie,Tosh,ctosh2s@virginia.edu,Male,231.124.187.46,ctosh2s,99
102,Vanda,Statham,vstatham2t@google.es,Female,188.216.85.89,vstatham2t,91
103,Bastian,Birwhistle,bbirwhistle2u@squarespace.com,Male,248.143.49.122,bbirwhistle2u,47
104,Latrena,Willoway,lwilloway2v@cbc.ca,Female,117.58.139.106,lwilloway2v,49
105,Leisha,Filson,lfilson2w@cdbaby.com,Female,193.233.208.172,lfilson2w,100
106,Adrien,Hatherall,ahatherall2x@technorati.com,Male,186.3.76.214,ahatherall2x,55
107,Aylmar,Crowd,acrowd2y@nhs.uk,Male,179.88.97.195,acrowd2y,17
108,Josiah,Seedhouse,jseedhouse2z@yandex.ru,Male,118.46.104.197,jseedhouse2z,48
109,Dawna,Farrell,dfarrell30@miitbeian.gov.cn,Female,223.209.225.164,dfarrell30,64
110,Arny,Buscher,abuscher31@google.nl,Male,251.240.31.182,abuscher31,36
111,Saundra,Badby,sbadby32@last.fm,Male,71.23.175.167,sbadby32,94
112,Conant,Airth,cairth33@sun.com,Male,97.10.147.184,cairth33,63
113,Collete,Quest,cquest34@yale.edu,Female,39.239.96.117,cquest34,32
114,Vivia,Cino,vcino35@goodreads.com,Female,187.183.143.144,vcino35,61
115,Janean,Emptage,jemptage36@cargocollective.com,Female,154.225.167.10,jemptage36,56
116,Vergil,Cassely,vcassely37@mit.edu,Genderfluid,200.249.100.158,vcassely37,45
117,Suzy,Luxton,sluxton38@adobe.com,Female,8.175.246.74,sluxton38,5
118,Terrill,Redd,tredd39@cam.ac.uk,Male,90.229.20.140,tredd39,79
119,Latashia,Safont,lsafont3a@theatlantic.com,Female,109.199.20.231,lsafont3a,36
120,Winonah,Kohlerman,wkohlerman3b@tripod.com,Female,116.241.157.103,wkohlerman3b,6
121,Wilmette,Kingsley,wkingsley3c@liveinternet.ru,Female,245.165.198.146,wkingsley3c,16
122,Averill,Gooderridge,agooderridge3d@latimes.com,Male,41.199.243.104,agooderridge3d,14
123,Marlin,McCurdy,mmccurdy3e@squarespace.com,Male,150.182.31.70,mmccurdy3e,75
124,Juan,Barrows,jbarrows3f@fda.gov,Male,162.65.248.251,jbarrows3f,37
125,Barrie,Linnett,blinnett3g@dagondesign.com,Non-binary,222.149.64.18,blinnett3g,74
126,Vern,Bread,vbread3h@seattletimes.com,Male,244.94.44.86,vbread3h,64
127,Karlen,Ellcock,kellcock3i@wikia.com,Agender,7.97.205.213,kellcock3i,58
128,Aristotle,Jessard,ajessard3j@techcrunch.com,Male,136.224.205.39,ajessard3j,66
129,Wandis,Staite,wstaite3k@multiply.com,Female,225.220.229.232,wstaite3k,30
130,Aylmer,Stevings,astevings3l@google.com.br,Male,249.204.99.189,astevings3l,16
131,Peta,Roskilly,proskilly3m@prnewswire.com,Bigender,129.31.196.134,proskilly3m,39
132,Christye,Tapply,ctapply3n@cdbaby.com,Female,72.162.137.240,ctapply3n,10
133,Kessia,Succamore,ksuccamore3o@wikia.com,Female,148.62.253.144,ksuccamore3o,92
134,Sandi,Starbuck,sstarbuck3p@cdc.gov,Female,184.88.47.79,sstarbuck3p,12
135,Isidor,Nelles,inelles3q@house.gov,Male,79.237.147.76,inelles3q,89
136,Brady,O'Coskerry,bocoskerry3r@apache.org,Male,185.231.3.156,bocoskerry3r,35
137,Gisele,Guerro,gguerro3s@engadget.com,Female,126.67.84.74,gguerro3s,71
138,Rori,Rushmer,rrushmer3t@sogou.com,Female,114.141.71.27,rrushmer3t,23
139,Cornie,Polland,cpolland3u@youku.com,Male,194.194.198.109,cpolland3u,49
140,Gussy,Carstairs,gcarstairs3v@list-manage.com,Female,208.219.123.111,gcarstairs3v,18
141,Arabella,Molan,amolan3w@boston.com,Female,209.250.221.70,amolan3w,86
142,Sena,Coatsworth,scoatsworth3x@t-online.de,Female,108.79.138.32,scoatsworth3x,47
143,Jada,Charlo,jcharlo3y@virginia.edu,Female,204.135.52.75,jcharlo3y,8
144,Miltie,Beyer,mbeyer3z@hibu.com,Male,107.12.112.208,mbeyer3z,94
145,Georas,Chaulk,gchaulk40@ifeng.com,Male,14.14.43.184,gchaulk40,25
146,Kinny,Lathey,klathey41@mail.ru,Male,183.21.90.102,klathey41,79
147,Joli,Bolding,jbolding42@51.la,Female,165.131.178.64,jbolding42,18
148,Jared,Longley,jlongley43@google.it,Male,223.43.60.48,jlongley43,13
149,Giustino,Dibbert,gdibbert44@php.net,Male,162.43.141.20,gdibbert44,9
150,Kylila,Tootell,ktootell45@mediafire.com,Female,95.133.6.123,ktootell45,85
151,Valentia,Vany,vvany46@meetup.com,Female,226.5.90.113,vvany46,18
152,Olimpia,Freire,ofreire47@shop-pro.jp,Female,157.240.243.42,ofreire47,75
153,Annadiane,Mellon,amellon48@java.com,Female,103.43.190.15,amellon48,1
154,Win,Caunce,wcaunce49@ustream.tv,Male,2.228.138.68,wcaunce49,39
155,Elwood,Yalden,eyalden4a@cmu.edu,Male,123.38.100.206,eyalden4a,32
156,Corina,Cromblehome,ccromblehome4b@sitemeter.com,Female,92.193.46.5,ccromblehome4b,69
157,Giorgio,Kach,gkach4c@wired.com,Male,193.175.72.74,gkach4c,99
158,Arman,Jopp,ajopp4d@businesswire.com,Male,200.177.59.117,ajopp4d,75
159,Farleigh,Epdell,fepdell4e@shop-pro.jp,Male,122.130.165.174,fepdell4e,78
160,Byram,Dowse,bdowse4f@nbcnews.com,Male,154.183.125.99,bdowse4f,25
161,Raimondo,Borkett,rborkett4g@nba.com,Male,132.116.90.247,rborkett4g,55
162,Husein,McGrowther,hmcgrowther4h@cpanel.net,Male,138.141.211.145,hmcgrowther4h,51
163,Tresa,De Rechter,tderechter4i@de.vu,Female,45.63.87.237,tderechter4i,20
164,Ofella,Rudsdell,orudsdell4j@bravesites.com,Female,236.100.12.202,orudsdell4j,100
165,Howard,McCafferty,hmccafferty4k@wikia.com,Male,182.223.104.219,hmccafferty4k,91
166,Abba,Greggor,agreggor4l@sfgate.com,Male,118.86.240.109,agreggor4l,98
167,Bartolomeo,Capelle,bcapelle4m@goo.ne.jp,Male,143.242.238.25,bcapelle4m,60
168,Roma,Epton,repton4n@accuweather.com,Male,248.46.153.146,repton4n,56
169,Lazare,Merchant,lmerchant4o@umn.edu,Male,20.161.110.192,lmerchant4o,61
170,Yorke,Jeffreys,yjeffreys4p@imdb.com,Male,144.117.118.108,yjeffreys4p,83
171,Benjie,Bowman,bbowman4q@ifeng.com,Male,131.29.198.243,bbowman4q,75
172,Eustace,McCrachen,emccrachen4r@creativecommons.org,Male,183.0.28.59,emccrachen4r,61
173,Jennilee,Pes,jpes4s@shinystat.com,Female,107.51.35.23,jpes4s,41
174,Ronalda,Kimbley,rkimbley4t@va.gov,Female,7.84.253.62,rkimbley4t,73
175,Elva,Jannaway,ejannaway4u@squarespace.com,Non-binary,115.92.27.147,ejannaway4u,57
176,Walt,Marco,wmarco4v@europa.eu,Male,81.75.20.158,wmarco4v,84
177,Ina,Vann,ivann4w@unicef.org,Female,219.175.223.28,ivann4w,94
178,Madelene,Nathan,mnathan4x@kickstarter.com,Female,150.174.210.8,mnathan4x,25
179,Von,Jirka,vjirka4y@engadget.com,Male,3.106.81.177,vjirka4y,7
180,Fara,Hopkynson,fhopkynson4z@360.cn,Female,234.209.241.47,fhopkynson4z,14
181,Ruggiero,Goulden,rgoulden50@fotki.com,Genderfluid,117.171.120.208,rgoulden50,74
182,Dee,Frankes,dfrankes51@cafepress.com,Female,131.1.176.164,dfrankes51,24
183,Gideon,Hurley,ghurley52@163.com,Male,200.133.94.240,ghurley52,44
184,Shannon,Dutteridge,sdutteridge53@princeton.edu,Male,62.211.56.224,sdutteridge53,48
185,Glori,Niccolls,gniccolls54@wsj.com,Female,62.145.60.138,gniccolls54,22
186,Seamus,Bastistini,sbastistini55@angelfire.com,Male,202.96.80.219,sbastistini55,33
187,Inglebert,Lempke,ilempke56@zdnet.com,Male,61.41.158.227,ilempke56,86
188,Stormy,Falls,sfalls57@yellowpages.com,Female,104.47.210.65,sfalls57,14
189,Yvette,Nell,ynell58@dedecms.com,Genderfluid,9.157.160.225,ynell58,65
190,Gail,Whitby,gwhitby59@eepurl.com,Female,140.101.227.69,gwhitby59,1
191,Olimpia,I'anson,oianson5a@wordpress.org,Female,242.58.55.155,oianson5a,4
192,Virgie,Minero,vminero5b@wordpress.org,Genderqueer,197.245.124.101,vminero5b,64
193,Lucio,Ebbing,lebbing5c@un.org,Male,117.194.137.143,lebbing5c,81
194,Taddeusz,Blazi,tblazi5d@moonfruit.com,Male,7.80.23.147,tblazi5d,94
195,Ashton,Hatzar,ahatzar5e@qq.com,Male,122.46.20.254,ahatzar5e,79
196,Alis,Fairfoull,afairfoull5f@lycos.com,Bigender,64.230.22.0,afairfoull5f,60
197,Benedikta,Haukey,bhaukey5g@printfriendly.com,Female,15.89.21.3,bhaukey5g,10
198,Danette,Benardeau,dbenardeau5h@mapquest.com,Female,69.120.85.178,dbenardeau5h,30
199,Berke,Rousby,brousby5i@hibu.com,Male,9.247.165.189,brousby5i,34
200,Rickie,De Blasio,rdeblasio5j@live.com,Female,27.41.12.239,rdeblasio5j,55
201,Duffy,Hefferon,dhefferon5k@webmd.com,Male,219.133.160.111,dhefferon5k,37
202,Aili,Duffan,aduffan5l@senate.gov,Agender,22.105.135.233,aduffan5l,75
203,Marlow,Skip,mskip5m@godaddy.com,Male,189.102.77.248,mskip5m,87
204,Flory,O'Doherty,fodoherty5n@over-blog.com,Bigender,153.110.153.150,fodoherty5n,88
205,Chicky,East,ceast5o@ibm.com,Male,25.187.104.191,ceast5o,1
206,Terry,Bownde,tbownde5p@netlog.com,Female,217.88.166.242,tbownde5p,22
207,Vonny,Gouldstone,vgouldstone5q@tinypic.com,Female,237.99.244.242,vgouldstone5q,68
208,Ashla,Mumberson,amumberson5r@usgs.gov,Female,80.5.79.68,amumberson5r,41
209,Molli,Stolberger,mstolberger5s@eventbrite.com,Female,252.30.91.196,mstolberger5s,3
210,Trey,Tabard,ttabard5t@imgur.com,Male,238.198.11.237,ttabard5t,36
211,Rosemary,Adger,radger5u@nhs.uk,Female,122.231.252.166,radger5u,59
212,Jules,Cogdon,jcogdon5v@discuz.net,Male,250.202.68.85,jcogdon5v,98
213,Ely,Flello,eflello5w@chron.com,Male,195.115.19.125,eflello5w,96
214,Rockey,Du Plantier,rduplantier5x@cpanel.net,Male,214.234.85.245,rduplantier5x,68
215,Stearne,Denacamp,sdenacamp5y@merriam-webster.com,Male,230.202.62.143,sdenacamp5y,2
216,Anne-marie,Etridge,aetridge5z@exblog.jp,Female,186.128.23.245,aetridge5z,59
217,Maura,Ryde,mryde60@barnesandnoble.com,Female,202.140.129.72,mryde60,84
218,Chaddie,Lube,clube61@slashdot.org,Male,75.96.35.113,clube61,52
219,Modesta,Jiggins,mjiggins62@vistaprint.com,Female,66.17.38.144,mjiggins62,87
220,Katina,Dowthwaite,kdowthwaite63@xinhuanet.com,Female,226.249.51.40,kdowthwaite63,31
221,Karissa,Matijevic,kmatijevic64@123-reg.co.uk,Polygender,101.57.173.200,kmatijevic64,79
222,Brina,Bardnam,bbardnam65@china.com.cn,Female,231.12.16.255,bbardnam65,85
223,Trina,Jugging,tjugging66@upenn.edu,Female,243.110.217.185,tjugging66,18
224,Marley,Fergusson,mfergusson67@over-blog.com,Female,85.35.36.69,mfergusson67,52
225,Annabela,Binstead,abinstead68@vkontakte.ru,Female,80.255.247.140,abinstead68,54
226,Lazare,Ellington,lellington69@msn.com,Male,11.243.197.230,lellington69,7
227,Putnam,Innett,pinnett6a@bloglines.com,Male,159.203.105.96,pinnett6a,55
228,Caro,Desporte,cdesporte6b@reddit.com,Agender,32.128.141.57,cdesporte6b,28
229,Karlik,Temperton,ktemperton6c@bizjournals.com,Male,30.77.15.87,ktemperton6c,18
230,Vanessa,Kilfeder,vkilfeder6d@amazon.co.jp,Female,243.38.70.44,vkilfeder6d,19
231,Salim,Lardner,slardner6e@vimeo.com,Agender,223.156.31.69,slardner6e,72
232,Cecilio,Echalier,cechalier6f@google.it,Male,215.222.131.147,cechalier6f,17
233,Jasun,Gurnell,jgurnell6g@youtube.com,Male,197.85.37.26,jgurnell6g,87
234,Rheba,Babin,rbabin6h@cbc.ca,Female,168.170.27.26,rbabin6h,36
235,Colver,Butten,cbutten6i@bizjournals.com,Male,107.94.2.162,cbutten6i,89
236,Fairleigh,Van Baaren,fvanbaaren6j@seesaa.net,Male,3.221.168.109,fvanbaaren6j,90
237,Rip,Fantham,rfantham6k@auda.org.au,Male,31.74.200.62,rfantham6k,67
238,Jon,Pulley,jpulley6l@chron.com,Male,142.121.136.208,jpulley6l,98
239,Micheline,Rennenbach,mrennenbach6m@dagondesign.com,Female,178.227.43.246,mrennenbach6m,25
240,Beret,Cellone,bcellone6n@auda.org.au,Female,62.185.136.61,bcellone6n,92
241,Berty,Berre,bberre6o@japanpost.jp,Female,142.110.237.233,bberre6o,54
242,Ethan,Danhel,edanhel6p@psu.edu,Male,242.226.202.184,edanhel6p,52
243,Ivan,Tidgewell,itidgewell6q@posterous.com,Male,78.236.5.198,itidgewell6q,80
244,Gregory,Feria,gferia6r@businessinsider.com,Male,253.204.102.230,gferia6r,29
245,Rosalynd,Kleinmintz,rkleinmintz6s@blogs.com,Female,239.41.37.218,rkleinmintz6s,13
246,Kalle,Littleproud,klittleproud6t@ameblo.jp,Male,180.9.64.33,klittleproud6t,93
247,Alina,Ferrao,aferrao6u@tripod.com,Female,93.60.195.232,aferrao6u,48
248,Howie,Klimes,hklimes6v@army.mil,Male,155.9.112.129,hklimes6v,90
249,Felicio,Matteoni,fmatteoni6w@creativecommons.org,Male,218.118.41.57,fmatteoni6w,75
250,Inna,Brien,ibrien6x@alexa.com,Female,224.63.221.156,ibrien6x,92
251,Brynna,Mowatt,bmowatt6y@ft.com,Female,215.138.158.75,bmowatt6y,63
252,Chris,Slides,cslides6z@zimbio.com,Female,168.116.107.9,cslides6z,27
253,Hector,Longridge,hlongridge70@ameblo.jp,Male,53.171.36.238,hlongridge70,87
254,Darren,Broker,dbroker71@topsy.com,Male,196.23.254.204,dbroker71,28
255,Dan,Vaux,dvaux72@hugedomains.com,Male,91.70.104.78,dvaux72,33
256,Whittaker,Whiteside,wwhiteside73@examiner.com,Male,83.18.130.91,wwhiteside73,83
257,Allsun,Ion,aion74@creativecommons.org,Female,226.167.203.67,aion74,96
258,Regina,Dominka,rdominka75@hatena.ne.jp,Female,37.145.214.35,rdominka75,22
259,Maye,Ommanney,mommanney76@ftc.gov,Female,173.41.239.195,mommanney76,88
260,Galina,Willett,gwillett77@github.com,Female,102.128.131.112,gwillett77,31
261,Nadine,Petyankin,npetyankin78@wiley.com,Female,236.222.59.89,npetyankin78,33
262,Orville,Cordova,ocordova79@simplemachines.org,Genderqueer,191.166.57.225,ocordova79,1
263,Codi,Croll,ccroll7a@adobe.com,Female,248.45.230.161,ccroll7a,27
264,Sella,Durbyn,sdurbyn7b@springer.com,Female,133.71.146.233,sdurbyn7b,71
265,Cristobal,Vose,cvose7c@moonfruit.com,Non-binary,152.151.96.238,cvose7c,25
266,Courtnay,Mapowder,cmapowder7d@myspace.com,Non-binary,248.67.164.82,cmapowder7d,64
267,Westleigh,Lackner,wlackner7e@addtoany.com,Male,172.166.81.207,wlackner7e,99
268,Bradney,Renish,brenish7f@hao123.com,Male,133.97.71.210,brenish7f,29
269,Ed,Lockery,elockery7g@mtv.com,Male,82.96.40.103,elockery7g,14
270,Cherrita,Snoding,csnoding7h@infoseek.co.jp,Female,67.87.109.4,csnoding7h,61
271,Willey,Lexa,wlexa7i@surveymonkey.com,Male,23.170.250.222,wlexa7i,15
272,Goddart,Schapiro,gschapiro7j@timesonline.co.uk,Bigender,147.64.87.131,gschapiro7j,66
273,Tobey,Reely,treely7k@sbwire.com,Female,89.53.55.23,treely7k,82
274,Veronica,Nare,vnare7l@symantec.com,Female,83.255.23.130,vnare7l,7
275,Silvia,Pulsford,spulsford7m@com.com,Female,31.117.86.168,spulsford7m,88
276,Mariele,Faucett,mfaucett7n@un.org,Female,145.140.171.255,mfaucett7n,18
277,Aveline,Petrillo,apetrillo7o@guardian.co.uk,Female,14.160.182.4,apetrillo7o,58
278,Erhart,Edgeller,eedgeller7p@europa.eu,Male,231.203.228.68,eedgeller7p,66
279,Jakob,Kondratenko,jkondratenko7q@cnet.com,Male,167.250.230.158,jkondratenko7q,60
280,Conn,Hagard,chagard7r@last.fm,Male,160.125.244.171,chagard7r,76
281,Leif,Cuckoo,lcuckoo7s@networkadvertising.org,Male,212.72.129.254,lcuckoo7s,17
282,Merrill,Pineaux,mpineaux7t@europa.eu,Female,24.2.92.8,mpineaux7t,78
283,Luise,Otham,lotham7u@deliciousdays.com,Female,114.105.103.208,lotham7u,30
284,Chilton,Rennie,crennie7v@goo.ne.jp,Male,171.200.166.0,crennie7v,47
285,Joanie,Utting,jutting7w@marketwatch.com,Female,186.156.113.51,jutting7w,35
286,Atlanta,Corp,acorp7x@indiegogo.com,Female,250.19.24.204,acorp7x,90
287,Haskell,Linton,hlinton7y@blog.com,Male,124.144.70.63,hlinton7y,87
288,Lazaro,Pickervance,lpickervance7z@reuters.com,Male,219.250.216.151,lpickervance7z,64
289,Teodor,Adamec,tadamec80@mozilla.org,Agender,85.100.105.16,tadamec80,85
290,Cosme,McCaughey,cmccaughey81@blog.com,Male,179.246.201.221,cmccaughey81,22
291,Ole,Toupe,otoupe82@spiegel.de,Male,72.16.130.245,otoupe82,66
292,Anderson,Hawtrey,ahawtrey83@bigcartel.com,Male,34.95.209.206,ahawtrey83,64
293,Rozalie,Siret,rsiret84@hao123.com,Female,110.25.206.232,rsiret84,75
294,Frederic,Blount,fblount85@mashable.com,Male,129.15.76.124,fblount85,26
295,Marlin,Slaight,mslaight86@facebook.com,Non-binary,254.21.98.230,mslaight86,72
296,Burg,Ditchett,bditchett87@theguardian.com,Male,109.145.1.162,bditchett87,58
297,Gan,McPaik,gmcpaik88@unesco.org,Male,188.191.73.2,gmcpaik88,13
298,Molly,Eaken,meaken89@tiny.cc,Female,87.137.158.156,meaken89,1
299,Everard,Brekonridge,ebrekonridge8a@businessweek.com,Male,102.166.82.13,ebrekonridge8a,92
300,Read,Lopez,rlopez8b@samsung.com,Male,106.160.250.207,rlopez8b,46
301,Prentiss,Pennrington,ppennrington8c@1und1.de,Male,142.82.99.166,ppennrington8c,97
302,Rockey,Linnemann,rlinnemann8d@moonfruit.com,Male,185.217.238.124,rlinnemann8d,22
303,Graig,Bromage,gbromage8e@github.com,Male,162.37.162.210,gbromage8e,56
304,Benedict,Franklen,bfranklen8f@hostgator.com,Male,232.230.221.163,bfranklen8f,32
305,Bekki,Galier,bgalier8g@ca.gov,Female,26.96.16.169,bgalier8g,100
306,Lutero,Groombridge,lgroombridge8h@pcworld.com,Polygender,145.8.139.124,lgroombridge8h,93
307,Granny,Eakens,geakens8i@uiuc.edu,Male,131.59.37.180,geakens8i,75
308,Tanney,Mitham,tmitham8j@booking.com,Male,138.241.55.164,tmitham8j,37
309,Dixie,Fero,dfero8k@skype.com,Female,41.218.148.242,dfero8k,83
310,Carce,MacCrann,cmaccrann8l@biblegateway.com,Male,112.223.9.221,cmaccrann8l,32
311,Glennis,Brixey,gbrixey8m@google.es,Genderfluid,112.199.65.251,gbrixey8m,50
312,Astrix,McGenn,amcgenn8n@princeton.edu,Genderqueer,19.57.243.225,amcgenn8n,72
313,Phylis,Franies,pfranies8o@nyu.edu,Female,133.189.30.142,pfranies8o,95
314,Leroy,Scammell,lscammell8p@topsy.com,Polygender,112.186.108.71,lscammell8p,45
315,Delcina,Valadez,dvaladez8q@booking.com,Female,105.80.152.44,dvaladez8q,51
316,Augie,Scrowson,ascrowson8r@blog.com,Male,150.128.62.107,ascrowson8r,2
317,Candice,Collihole,ccollihole8s@deviantart.com,Female,187.55.23.115,ccollihole8s,15
318,Dix,McGriffin,dmcgriffin8t@nature.com,Female,66.73.157.102,dmcgriffin8t,99
319,Nina,Warrior,nwarrior8u@tinyurl.com,Polygender,169.228.106.229,nwarrior8u,31
320,Willem,Churm,wchurm8v@dot.gov,Male,32.128.122.103,wchurm8v,82
321,Carlene,Hickisson,chickisson8w@cbc.ca,Female,71.109.184.86,chickisson8w,97
322,Virgie,Coull,vcoull8x@cdc.gov,Agender,117.231.141.148,vcoull8x,78
323,Twyla,Wogan,twogan8y@latimes.com,Female,91.41.213.232,twogan8y,77
324,Romain,Tyt,rtyt8z@apache.org,Male,225.214.157.111,rtyt8z,40
325,Marline,McConnachie,mmcconnachie90@last.fm,Female,163.147.7.146,mmcconnachie90,55
326,Crissy,Caston,ccaston91@ifeng.com,Female,55.138.251.174,ccaston91,33
327,Kalila,Laye,klaye92@sphinn.com,Female,156.223.9.66,klaye92,1
328,Danita,Dimitru,ddimitru93@opera.com,Female,20.205.210.53,ddimitru93,57
329,Silvia,Willmont,swillmont94@twitter.com,Female,128.200.237.181,swillmont94,52
330,Mel,Stirling,mstirling95@g.co,Male,226.49.51.69,mstirling95,7
331,Isabeau,Marston,imarston96@examiner.com,Female,183.131.61.214,imarston96,85
332,Rebecca,Gammack,rgammack97@stanford.edu,Female,168.6.73.46,rgammack97,10
333,Sharla,Klaus,sklaus98@ovh.net,Female,112.43.172.86,sklaus98,53
334,Gabbi,Jozefowicz,gjozefowicz99@epa.gov,Female,112.51.41.150,gjozefowicz99,56
335,Alanna,MacDunlevy,amacdunlevy9a@vistaprint.com,Female,24.65.48.191,amacdunlevy9a,31
336,Say,Kenworthey,skenworthey9b@sitemeter.com,Male,83.243.232.113,skenworthey9b,91
337,Constantine,Ambrus,cambrus9c@blinklist.com,Female,141.126.215.144,cambrus9c,19
338,Gaylene,Eskriett,geskriett9d@huffingtonpost.com,Female,179.154.131.36,geskriett9d,38
339,Milissent,Eayres,meayres9e@miitbeian.gov.cn,Female,178.2.56.29,meayres9e,78
340,Jon,McClory,jmcclory9f@yellowpages.com,Male,87.198.64.43,jmcclory9f,21
341,Berne,Cutmore,bcutmore9g@yahoo.co.jp,Male,255.247.87.56,bcutmore9g,90
342,Claire,Pardon,cpardon9h@networksolutions.com,Female,7.149.240.134,cpardon9h,44
343,Tanner,Schwandner,tschwandner9i@google.com.au,Male,79.221.15.157,tschwandner9i,72
344,Lorelei,Luckey,lluckey9j@google.com,Female,137.77.59.138,lluckey9j,51
345,Reginauld,Brickett,rbrickett9k@wsj.com,Male,132.147.144.85,rbrickett9k,90
346,Nert,Simnor,nsimnor9l@apache.org,Female,26.167.108.83,nsimnor9l,20
347,Jeremias,Blaylock,jblaylock9m@weibo.com,Male,210.131.66.21,jblaylock9m,52
348,Julita,Lotterington,jlotterington9n@ted.com,Bigender,83.123.130.13,jlotterington9n,26
349,Clarine,Longson,clongson9o@vistaprint.com,Female,144.228.58.157,clongson9o,86
350,Eveleen,Gatty,egatty9p@npr.org,Female,130.142.164.78,egatty9p,86
351,Arly,Urpeth,aurpeth9q@ehow.com,Female,152.77.59.47,aurpeth9q,11
352,Andonis,Towe,atowe9r@unesco.org,Male,235.171.206.223,atowe9r,3
353,Madalyn,Bowland,mbowland9s@toplist.cz,Female,156.6.12.255,mbowland9s,48
354,Patsy,Goncaves,pgoncaves9t@google.cn,Non-binary,208.204.240.216,pgoncaves9t,42
355,Damita,Winwood,dwinwood9u@princeton.edu,Non-binary,194.91.97.158,dwinwood9u,74
356,Terry,Mallett,tmallett9v@alexa.com,Female,153.71.140.127,tmallett9v,34
357,Toni,Malcolmson,tmalcolmson9w@ameblo.jp,Female,207.58.240.210,tmalcolmson9w,36
358,Law,Reddle,lreddle9x@fda.gov,Male,239.245.59.31,lreddle9x,56
359,Bertine,Etchingham,betchingham9y@harvard.edu,Female,115.119.158.171,betchingham9y,46
360,Chevalier,Mea,cmea9z@mapy.cz,Non-binary,130.165.21.80,cmea9z,76
361,Alanah,Cotilard,acotilarda0@hhs.gov,Female,91.22.87.249,acotilarda0,96
362,Godfrey,Newlove,gnewlovea1@upenn.edu,Male,71.205.113.119,gnewlovea1,38
363,Berton,Doelle,bdoellea2@baidu.com,Male,145.206.80.99,bdoellea2,90
364,Ailyn,Leirmonth,aleirmontha3@ow.ly,Female,137.77.230.179,aleirmontha3,20
365,Cassandra,Seneschal,cseneschala4@1und1.de,Female,91.147.179.151,cseneschala4,98
366,Lissa,McMillan,lmcmillana5@jigsy.com,Female,234.31.95.96,lmcmillana5,64
367,Maegan,Sidebotton,msidebottona6@mtv.com,Female,82.40.128.3,msidebottona6,85
368,Dorolisa,Moehle,dmoehlea7@nymag.com,Female,158.253.90.44,dmoehlea7,24
369,Aryn,Spatoni,aspatonia8@ocn.ne.jp,Female,79.96.185.71,aspatonia8,10
370,Carly,Caddick,ccaddicka9@cdbaby.com,Male,183.195.45.148,ccaddicka9,76
371,Pablo,Reeves,preevesaa@biblegateway.com,Male,184.122.55.162,preevesaa,96
372,Rita,Stanes,rstanesab@huffingtonpost.com,Female,91.226.208.253,rstanesab,47
373,Elton,Pucknell,epucknellac@freewebs.com,Male,238.120.27.82,epucknellac,97
374,Veronika,Pentin,vpentinad@squidoo.com,Female,205.40.174.184,vpentinad,29
375,Shell,Grinov,sgrinovae@de.vu,Male,185.151.156.246,sgrinovae,5
376,Clarabelle,McGurgan,cmcgurganaf@123-reg.co.uk,Female,67.77.126.197,cmcgurganaf,15
377,Ofella,Gedney,ogedneyag@aol.com,Female,81.151.11.162,ogedneyag,56
378,Noelyn,Saywell,nsaywellah@tamu.edu,Female,150.112.251.6,nsaywellah,96
379,Bevan,Housam,bhousamai@shinystat.com,Male,254.125.81.200,bhousamai,95
380,Merl,Richold,mricholdaj@ning.com,Female,169.157.125.173,mricholdaj,9
381,Gweneth,Belly,gbellyak@tinyurl.com,Female,4.226.13.211,gbellyak,7
382,Jody,Revel,jrevelal@umich.edu,Female,241.16.150.44,jrevelal,57
383,Rhodie,Cradick,rcradickam@google.co.jp,Female,0.147.93.184,rcradickam,8
384,Hubie,Windsor,hwindsoran@plala.or.jp,Male,114.24.129.7,hwindsoran,95
385,Jud,Headings,jheadingsao@chronoengine.com,Male,131.136.165.240,jheadingsao,79
386,Dulcia,Iiannone,diiannoneap@ning.com,Female,230.232.153.249,diiannoneap,44
387,Forrest,Errichi,ferrichiaq@abc.net.au,Male,71.39.32.252,ferrichiaq,58
388,Clayton,Cabral,ccabralar@t.co,Male,56.119.72.94,ccabralar,43
389,Peria,Frossell,pfrossellas@jimdo.com,Female,213.19.73.123,pfrossellas,97
390,Putnam,Jiruca,pjirucaat@vinaora.com,Male,166.11.52.217,pjirucaat,48
391,Brigham,Walklott,bwalklottau@infoseek.co.jp,Male,117.77.140.200,bwalklottau,92
392,Haily,Reisen,hreisenav@accuweather.com,Male,88.254.246.253,hreisenav,72
393,Gerta,Thormann,gthormannaw@ifeng.com,Female,34.130.105.19,gthormannaw,86
394,Ingra,Rivlin,irivlinax@bloglovin.com,Male,41.107.194.211,irivlinax,42
395,Jasmina,Mallam,jmallamay@linkedin.com,Female,205.131.174.110,jmallamay,76
396,Cherilyn,Cleugh,ccleughaz@diigo.com,Female,187.83.164.156,ccleughaz,14
397,Tallia,Wenban,twenbanb0@cdc.gov,Female,126.232.225.226,twenbanb0,75
398,Keenan,Coultar,kcoultarb1@purevolume.com,Male,24.68.134.102,kcoultarb1,30
399,Verney,Speer,vspeerb2@example.com,Male,135.207.207.211,vspeerb2,7
400,Pierce,Iacovaccio,piacovacciob3@hao123.com,Male,17.11.181.13,piacovacciob3,32
401,Solly,Camplen,scamplenb4@fastcompany.com,Male,136.74.14.127,scamplenb4,25
402,Webb,White,wwhiteb5@yahoo.co.jp,Male,198.134.45.69,wwhiteb5,63
403,Nelia,Froude,nfroudeb6@earthlink.net,Female,183.232.133.111,nfroudeb6,75
404,Bekki,Klejna,bklejnab7@mapquest.com,Female,157.131.148.253,bklejnab7,8
405,Oswell,Sinkins,osinkinsb8@oracle.com,Male,169.110.76.108,osinkinsb8,1
406,Decca,Gorden,dgordenb9@cyberchimps.com,Male,9.231.235.237,dgordenb9,20
407,Merry,Pauer,mpauerba@mapy.cz,Female,25.154.94.75,mpauerba,4
408,Sascha,Rosettini,srosettinibb@psu.edu,Genderqueer,134.94.38.210,srosettinibb,15
409,Nefen,Sapseed,nsapseedbc@t-online.de,Male,170.142.150.177,nsapseedbc,92
410,Honoria,Watchorn,hwatchornbd@cargocollective.com,Female,96.50.83.240,hwatchornbd,5
411,Germain,Wareing,gwareingbe@php.net,Female,188.212.255.230,gwareingbe,30
412,Tiffie,Kopta,tkoptabf@rediff.com,Female,252.101.58.65,tkoptabf,64
413,Malvin,Chestney,mchestneybg@yolasite.com,Male,10.119.179.14,mchestneybg,56
414,Ferdinande,Noury,fnourybh@rediff.com,Female,21.135.166.182,fnourybh,64
415,Denis,Colvine,dcolvinebi@flavors.me,Male,244.179.100.158,dcolvinebi,100
416,Leighton,Ratledge,lratledgebj@mit.edu,Male,219.171.114.38,lratledgebj,39
417,Olivero,Howsin,ohowsinbk@blogtalkradio.com,Male,30.85.233.176,ohowsinbk,30
418,Gawen,Kerr,gkerrbl@dailymotion.com,Male,98.0.120.189,gkerrbl,4
419,Ottilie,Bodiam,obodiambm@netvibes.com,Female,224.61.91.40,obodiambm,63
420,Chic,Farrer,cfarrerbn@weebly.com,Male,209.159.181.73,cfarrerbn,8
421,Oralee,Beddon,obeddonbo@narod.ru,Female,137.96.173.66,obeddonbo,65
422,Harland,Hearnes,hhearnesbp@google.es,Male,162.157.249.217,hhearnesbp,59
423,Karoline,Renny,krennybq@istockphoto.com,Female,28.90.76.21,krennybq,61
424,Emmey,Hadleigh,ehadleighbr@mtv.com,Female,123.244.104.4,ehadleighbr,89
425,Mandie,Butt Gow,mbuttgowbs@ft.com,Female,180.149.45.77,mbuttgowbs,21
426,Jeffry,Moran,jmoranbt@usnews.com,Male,121.53.46.92,jmoranbt,57
427,Braden,Burling,bburlingbu@imageshack.us,Male,76.124.44.34,bburlingbu,20
428,Taddeusz,Heiton,theitonbv@japanpost.jp,Male,222.96.9.37,theitonbv,4
429,Corissa,Gerrey,cgerreybw@barnesandnoble.com,Bigender,14.117.211.128,cgerreybw,44
430,Any,Dockreay,adockreaybx@techcrunch.com,Male,71.6.89.111,adockreaybx,98
431,Teresita,Jossum,tjossumby@imdb.com,Female,165.100.192.194,tjossumby,4
432,Gorden,Bessey,gbesseybz@prnewswire.com,Male,6.230.141.22,gbesseybz,51
433,Tildy,Thumim,tthumimc0@1688.com,Bigender,143.246.127.58,tthumimc0,29
434,Clayton,Tregidga,ctregidgac1@geocities.jp,Male,118.53.34.174,ctregidgac1,5
435,Neddie,Nabarro,nnabarroc2@vimeo.com,Genderfluid,124.102.195.119,nnabarroc2,64
436,Regen,Neligan,rneliganc3@ihg.com,Male,234.153.209.167,rneliganc3,77
437,Alleen,Shadwick,ashadwickc4@ask.com,Female,9.63.96.92,ashadwickc4,89
438,Davis,Coveley,dcoveleyc5@techcrunch.com,Male,137.234.108.210,dcoveleyc5,35
439,Lyle,Frontczak,lfrontczakc6@sogou.com,Male,210.178.237.113,lfrontczakc6,98
440,Mickie,Falconbridge,mfalconbridgec7@npr.org,Female,66.181.208.69,mfalconbridgec7,70
441,Myrvyn,Bowler,mbowlerc8@de.vu,Male,80.148.14.46,mbowlerc8,94
442,Allys,Le Provest,aleprovestc9@epa.gov,Female,139.88.214.145,aleprovestc9,2
443,Alysia,Egerton,aegertonca@epa.gov,Female,117.9.53.126,aegertonca,25
444,Gayle,Anthiftle,ganthiftlecb@examiner.com,Polygender,164.37.124.239,ganthiftlecb,16
445,Prescott,Verni,pvernicc@amazon.com,Male,30.245.13.164,pvernicc,29
446,Gale,Gwatkins,ggwatkinscd@goodreads.com,Female,135.146.92.197,ggwatkinscd,11
447,Budd,Ickowicz,bickowiczce@unicef.org,Male,163.23.227.165,bickowiczce,54
448,Herrick,Kirrens,hkirrenscf@latimes.com,Male,152.111.146.243,hkirrenscf,9
449,Uta,Hafner,uhafnercg@moonfruit.com,Female,236.254.213.128,uhafnercg,86
450,Genevra,Itzak,gitzakch@archive.org,Female,227.70.146.44,gitzakch,81
451,Dirk,Crossgrove,dcrossgroveci@infoseek.co.jp,Male,231.50.102.184,dcrossgroveci,32
452,Hermie,Lockhart,hlockhartcj@utexas.edu,Male,93.50.7.42,hlockhartcj,98
453,Rodd,Lister,rlisterck@infoseek.co.jp,Male,202.82.74.191,rlisterck,25
454,Nigel,Moffat,nmoffatcl@taobao.com,Male,107.67.76.24,nmoffatcl,61
455,Tatiana,Ashburner,tashburnercm@mysql.com,Female,185.154.167.125,tashburnercm,41
456,Vivienne,Alen,valencn@wikimedia.org,Female,229.119.2.137,valencn,5
457,Sauncho,Romayne,sromayneco@state.tx.us,Male,19.0.139.164,sromayneco,47
458,Minna,Gent,mgentcp@deliciousdays.com,Female,27.193.120.35,mgentcp,23
459,Ginnifer,O' Connell,goconnellcq@indiegogo.com,Female,30.96.185.216,goconnellcq,30
460,Sherlocke,Gallaway,sgallawaycr@xing.com,Male,95.239.65.2,sgallawaycr,81
461,Coop,Jane,cjanecs@netscape.com,Male,93.52.179.132,cjanecs,92
462,Fay,Mellings,fmellingsct@xinhuanet.com,Non-binary,91.54.201.3,fmellingsct,29
463,Shadow,Madgin,smadgincu@posterous.com,Male,226.11.157.30,smadgincu,34
464,Kristofer,Ulyatt,kulyattcv@bloomberg.com,Male,129.113.1.173,kulyattcv,41
465,Addie,Westoff,awestoffcw@washington.edu,Male,243.136.177.18,awestoffcw,41
466,Jillie,Branchett,jbranchettcx@earthlink.net,Female,164.33.252.115,jbranchettcx,91
467,Skipper,Vaisey,svaiseycy@symantec.com,Male,9.58.151.184,svaiseycy,49
468,Garek,Tayt,gtaytcz@java.com,Male,16.217.197.170,gtaytcz,88
469,Harwilll,Scripps,hscrippsd0@netscape.com,Male,135.201.93.3,hscrippsd0,29
470,Letizia,Greenrod,lgreenrodd1@angelfire.com,Female,164.35.210.52,lgreenrodd1,68
471,Mannie,Pinching,mpinchingd2@about.me,Male,204.172.87.105,mpinchingd2,31
472,Annamarie,Karby,akarbyd3@e-recht24.de,Female,91.114.37.96,akarbyd3,50
473,Carleton,Caverhill,ccaverhilld4@gizmodo.com,Male,171.138.153.121,ccaverhilld4,19
474,Dick,Armatys,darmatysd5@dagondesign.com,Male,15.44.168.159,darmatysd5,5
475,Eldin,Krale,ekraled6@sakura.ne.jp,Male,224.45.15.140,ekraled6,96
476,Guntar,Lagde,glagded7@shareasale.com,Agender,25.130.148.227,glagded7,20
477,Davis,Grayston,dgraystond8@sbwire.com,Polygender,119.240.22.53,dgraystond8,24
478,Stacee,Watson-Brown,swatsonbrownd9@ucoz.ru,Female,164.169.11.206,swatsonbrownd9,50
479,Hewitt,Nezey,hnezeyda@meetup.com,Male,194.64.62.45,hnezeyda,21
480,Zachery,Simionescu,zsimionescudb@hugedomains.com,Male,156.111.17.5,zsimionescudb,47
481,Malcolm,Buller,mbullerdc@shop-pro.jp,Male,240.115.194.40,mbullerdc,50
482,Randi,Vannozzii,rvannozziidd@jiathis.com,Polygender,71.30.119.138,rvannozziidd,59
483,Berta,Denison,bdenisonde@cyberchimps.com,Female,75.1.14.218,bdenisonde,28
484,Grayce,Bercher,gbercherdf@canalblog.com,Female,165.131.122.124,gbercherdf,91
485,Dorotea,Karran,dkarrandg@biblegateway.com,Non-binary,171.11.250.178,dkarrandg,59
486,Ricca,Fullerd,rfullerddh@feedburner.com,Female,92.185.154.166,rfullerddh,4
487,Johnathon,Chaunce,jchauncedi@exblog.jp,Male,121.240.164.39,jchauncedi,1
488,Rebe,Cadney,rcadneydj@ehow.com,Female,113.106.145.225,rcadneydj,69
489,Felicle,Cloke,fclokedk@techcrunch.com,Female,75.168.160.159,fclokedk,6
490,Baryram,Verick,bverickdl@so-net.ne.jp,Male,226.121.163.152,bverickdl,32
491,Lorianna,Boyet,lboyetdm@wikia.com,Polygender,136.97.164.192,lboyetdm,91
492,Obadiah,Goford,ogoforddn@bigcartel.com,Male,112.115.6.40,ogoforddn,71
493,Bernice,Schafer,bschaferdo@samsung.com,Female,7.224.126.84,bschaferdo,91
494,Darius,Ponter,dponterdp@newyorker.com,Male,146.11.157.252,dponterdp,74
495,Emiline,Blazynski,eblazynskidq@cpanel.net,Female,133.177.90.7,eblazynskidq,16
496,Mort,Chipperfield,mchipperfielddr@xing.com,Male,105.36.28.81,mchipperfielddr,44
497,Virgil,Ghidotti,vghidottids@rediff.com,Male,182.201.144.172,vghidottids,75
498,Darya,Blackater,dblackaterdt@cpanel.net,Female,133.152.63.6,dblackaterdt,55
499,Marcel,Coulter,mcoulterdu@blog.com,Male,69.234.52.54,mcoulterdu,71
500,Hewitt,Walas,hwalasdv@mayoclinic.com,Male,68.196.77.149,hwalasdv,35
501,Kate,Seeds,kseedsdw@smh.com.au,Female,170.113.233.112,kseedsdw,43
502,Mariele,Stent,mstentdx@newsvine.com,Female,162.4.32.176,mstentdx,30
503,Remy,Sahlstrom,rsahlstromdy@paginegialle.it,Female,209.185.36.202,rsahlstromdy,100
504,Tabina,Patten,tpattendz@theatlantic.com,Female,79.194.11.181,tpattendz,90
505,Woodie,Barnhart,wbarnharte0@ca.gov,Male,33.100.254.29,wbarnharte0,91
506,Herbert,Bissell,hbisselle1@vistaprint.com,Male,198.175.252.146,hbisselle1,52
507,Benedicta,Grandin,bgrandine2@icq.com,Female,52.239.224.180,bgrandine2,3
508,Randie,Vasenin,rvasenine3@t-online.de,Male,180.76.153.165,rvasenine3,47
509,Freddi,Saffin,fsaffine4@ucoz.ru,Female,116.137.165.179,fsaffine4,47
510,Hildagarde,Troni,htronie5@linkedin.com,Female,77.181.96.149,htronie5,28
511,Corey,Keveren,ckeverene6@wired.com,Female,190.19.246.81,ckeverene6,20
512,Sander,Geistmann,sgeistmanne7@howstuffworks.com,Male,110.181.51.83,sgeistmanne7,95
513,Monah,Janew,mjanewe8@mysql.com,Female,186.191.98.151,mjanewe8,78
514,Elianore,Matiewe,ematiewee9@npr.org,Female,147.13.65.22,ematiewee9,22
515,Currey,Gonzalo,cgonzaloea@npr.org,Male,255.155.20.40,cgonzaloea,53
516,Edan,Garey,egareyeb@army.mil,Male,174.124.129.169,egareyeb,92
517,Cayla,Hrishanok,chrishanokec@phoca.cz,Female,245.138.209.0,chrishanokec,24
518,Cornie,Christin,cchristined@i2i.jp,Female,186.159.229.195,cchristined,84
519,Emeline,Tillard,etillardee@tuttocitta.it,Female,73.206.129.201,etillardee,73
520,Nelia,Whitmarsh,nwhitmarshef@fda.gov,Female,18.215.20.31,nwhitmarshef,46
521,Gianni,Woolway,gwoolwayeg@stanford.edu,Male,126.89.230.158,gwoolwayeg,55
522,Victoir,Badger,vbadgereh@godaddy.com,Male,79.69.55.196,vbadgereh,24
523,Benn,Speir,bspeirei@google.com.br,Male,204.54.86.215,bspeirei,91
524,Kin,Russen,krussenej@drupal.org,Polygender,26.42.14.47,krussenej,31
525,Zorah,Tyre,ztyreek@wufoo.com,Female,251.43.220.177,ztyreek,93
526,Verge,Kelsow,vkelsowel@discuz.net,Male,45.199.119.91,vkelsowel,25
527,Jule,Elston,jelstonem@1und1.de,Male,37.229.9.141,jelstonem,99
528,Tod,Haberfield,thaberfielden@admin.ch,Male,139.134.49.214,thaberfielden,58
529,Ade,McRinn,amcrinneo@wp.com,Agender,213.77.64.114,amcrinneo,76
530,Johnny,Fonzo,jfonzoep@icio.us,Non-binary,203.123.157.146,jfonzoep,69
531,Andie,Springford,aspringfordeq@icq.com,Male,128.124.192.158,aspringfordeq,43
532,Rosalinde,Noweak,rnoweaker@photobucket.com,Bigender,36.26.73.223,rnoweaker,1
533,Skippy,Kumar,skumares@fema.gov,Male,144.104.157.21,skumares,41
534,Dew,Moryson,dmorysonet@nbcnews.com,Male,255.251.36.17,dmorysonet,100
535,Leesa,McGlade,lmcgladeeu@sbwire.com,Female,72.239.4.231,lmcgladeeu,78
536,Clementia,Vickery,cvickeryev@discovery.com,Female,115.88.139.147,cvickeryev,8
537,Demetri,Elwell,delwellew@qq.com,Male,212.149.186.221,delwellew,90
538,Selia,Apark,saparkex@unc.edu,Female,118.200.101.160,saparkex,13
539,Leeland,Owers,lowersey@nhs.uk,Male,142.99.247.120,lowersey,22
540,Van,Mannooch,vmannoochez@samsung.com,Female,14.162.222.154,vmannoochez,38
541,Kristo,Androletti,kandrolettif0@smh.com.au,Male,220.161.192.85,kandrolettif0,4
542,Gavrielle,Roo,groof1@engadget.com,Female,139.204.82.119,groof1,7
543,Caressa,Canniffe,ccanniffef2@omniture.com,Female,105.174.145.115,ccanniffef2,6
544,Shayne,Keelinge,skeelingef3@whitehouse.gov,Male,61.233.77.33,skeelingef3,37
545,Doralyn,Kulver,dkulverf4@amazon.com,Female,126.8.120.115,dkulverf4,20
546,Maxine,Smalley,msmalleyf5@hhs.gov,Female,111.23.175.144,msmalleyf5,83
547,Gerek,Bett,gbettf6@slashdot.org,Male,17.206.213.41,gbettf6,2
548,Gardner,Risebarer,grisebarerf7@cocolog-nifty.com,Male,195.27.136.89,grisebarerf7,99
549,Chastity,De Francisci,cdefranciscif8@cbc.ca,Genderqueer,12.66.172.189,cdefranciscif8,34
550,Bengt,Mallalieu,bmallalieuf9@uol.com.br,Male,64.89.41.59,bmallalieuf9,78
551,Isador,Hopewell,ihopewellfa@live.com,Male,8.212.229.84,ihopewellfa,62
552,Vinita,Hurring,vhurringfb@nbcnews.com,Female,149.65.101.233,vhurringfb,36
553,Chick,Knight,cknightfc@ask.com,Male,216.213.110.191,cknightfc,48
554,Lisha,McKue,lmckuefd@meetup.com,Genderfluid,73.170.160.167,lmckuefd,69
555,Randolf,Leipelt,rleipeltfe@photobucket.com,Male,242.4.44.109,rleipeltfe,42
556,Clare,Southby,csouthbyff@reference.com,Female,178.226.83.216,csouthbyff,33
557,Bartholomeus,Cattenach,bcattenachfg@weather.com,Male,252.135.223.144,bcattenachfg,39
558,Kimbell,Linne,klinnefh@ted.com,Male,90.177.51.16,klinnefh,92
559,Geno,Hawsby,ghawsbyfi@youku.com,Male,69.167.83.56,ghawsbyfi,33
560,Kacie,Calvert,kcalvertfj@opensource.org,Female,241.115.121.62,kcalvertfj,10
561,Verne,Allcock,vallcockfk@de.vu,Male,116.186.107.6,vallcockfk,94
562,Enrica,Shirtcliffe,eshirtcliffefl@state.tx.us,Female,231.103.31.117,eshirtcliffefl,67
563,Jakob,Barmby,jbarmbyfm@latimes.com,Male,16.7.79.145,jbarmbyfm,45
564,Amalee,Hinder,ahinderfn@hostgator.com,Female,240.146.180.28,ahinderfn,50
565,Rozele,Chiles,rchilesfo@about.com,Female,176.222.177.99,rchilesfo,55
566,Juline,Bambra,jbambrafp@cam.ac.uk,Genderqueer,60.112.215.166,jbambrafp,41
567,Barnard,Testo,btestofq@marketwatch.com,Male,101.148.138.250,btestofq,31
568,Drucie,Tall,dtallfr@deliciousdays.com,Female,69.178.178.9,dtallfr,48
569,Indira,Havis,ihavisfs@dot.gov,Agender,54.69.51.126,ihavisfs,58
570,Isabelita,Deal,idealft@wired.com,Female,160.120.250.123,idealft,52
571,Darryl,Klezmski,dklezmskifu@opensource.org,Female,158.206.253.11,dklezmskifu,67
572,Eduard,Richings,erichingsfv@nationalgeographic.com,Male,42.162.225.89,erichingsfv,39
573,Omar,Bertot,obertotfw@shinystat.com,Male,109.110.140.216,obertotfw,29
574,Lester,Erskine Sandys,lerskinesandysfx@hugedomains.com,Male,186.141.93.152,lerskinesandysfx,2
575,Kristi,Espinheira,kespinheirafy@slideshare.net,Female,138.255.252.110,kespinheirafy,60
576,Leupold,Prisk,lpriskfz@cnet.com,Male,251.45.113.117,lpriskfz,78
577,Jasmine,Sturges,jsturgesg0@paginegialle.it,Female,107.198.206.63,jsturgesg0,5
578,Karalee,Caselick,kcaselickg1@senate.gov,Female,12.146.196.166,kcaselickg1,92
579,Sofie,Jamson,sjamsong2@paginegialle.it,Female,216.70.134.202,sjamsong2,73
580,Lusa,Klampk,lklampkg3@tuttocitta.it,Female,7.8.84.9,lklampkg3,47
581,Artus,Hune,ahuneg4@wsj.com,Male,130.232.48.168,ahuneg4,14
582,Freddie,Mc Kellen,fmckelleng5@photobucket.com,Female,11.214.228.67,fmckelleng5,61
583,Elana,Wickens,ewickensg6@google.ca,Female,77.95.171.183,ewickensg6,72
584,Rodi,Giacopini,rgiacopinig7@craigslist.org,Female,231.136.176.234,rgiacopinig7,32
585,Kimberlee,Louder,klouderg8@icq.com,Female,26.228.42.59,klouderg8,37
586,Adriane,Kerbey,akerbeyg9@europa.eu,Female,4.158.177.171,akerbeyg9,29
587,Maynord,Flecknoe,mflecknoega@1688.com,Male,101.21.21.97,mflecknoega,67
588,Shina,Karlik,skarlikgb@hostgator.com,Female,201.187.147.54,skarlikgb,38
589,Irita,Monery,imonerygc@1und1.de,Polygender,164.135.129.34,imonerygc,64
590,Lindie,Copes,lcopesgd@angelfire.com,Female,160.99.3.114,lcopesgd,74
591,Giacobo,Solomonides,gsolomonidesge@walmart.com,Male,24.99.103.11,gsolomonidesge,17
592,Morie,Ballantyne,mballantynegf@aol.com,Male,56.152.238.197,mballantynegf,81
593,Stephen,Garnsworthy,sgarnsworthygg@blog.com,Male,134.11.98.136,sgarnsworthygg,41
594,Boothe,Lappin,blappingh@vimeo.com,Non-binary,147.80.147.99,blappingh,88
595,Maitilde,Greenway,mgreenwaygi@discuz.net,Genderqueer,116.233.37.138,mgreenwaygi,80
596,Grove,Danilchenko,gdanilchenkogj@domainmarket.com,Male,253.76.128.88,gdanilchenkogj,42
597,Keefer,Van Bruggen,kvanbruggengk@ucoz.com,Male,240.69.39.132,kvanbruggengk,5
598,Jeannette,Morilla,jmorillagl@theglobeandmail.com,Female,251.159.93.8,jmorillagl,73
599,Constanta,Robard,crobardgm@angelfire.com,Female,89.235.128.248,crobardgm,33
600,Lonni,Pipworth,lpipworthgn@state.gov,Female,142.39.247.46,lpipworthgn,10
601,Isobel,Verrier,iverriergo@theglobeandmail.com,Female,70.249.55.59,iverriergo,32
602,Ambros,Dummer,adummergp@issuu.com,Male,70.126.237.223,adummergp,81
603,Jarib,Troak,jtroakgq@cargocollective.com,Male,121.3.192.71,jtroakgq,17
604,Nicky,Trice,ntricegr@seattletimes.com,Genderqueer,163.167.122.223,ntricegr,31
605,Andrew,Klemencic,aklemencicgs@barnesandnoble.com,Male,208.221.15.213,aklemencicgs,14
606,Noach,Alvarado,nalvaradogt@jalbum.net,Male,162.206.16.174,nalvaradogt,85
607,Petrina,Rangell,prangellgu@home.pl,Female,97.133.6.220,prangellgu,47
608,Allie,Kail,akailgv@google.com.au,Male,243.86.126.214,akailgv,65
609,Blinni,Whitloe,bwhitloegw@salon.com,Female,24.181.122.129,bwhitloegw,35
610,Graeme,Habert,ghabertgx@wikimedia.org,Genderqueer,79.54.19.217,ghabertgx,59
611,Kalila,Fish,kfishgy@businessweek.com,Female,29.183.170.69,kfishgy,8
612,Harwell,Loughnan,hloughnangz@cam.ac.uk,Male,129.175.50.92,hloughnangz,66
613,Nat,Biddiss,nbiddissh0@yolasite.com,Male,96.99.109.89,nbiddissh0,50
614,Daffie,Barstow,dbarstowh1@feedburner.com,Female,189.252.24.124,dbarstowh1,31
615,Corabelle,O'Halloran,cohalloranh2@ft.com,Female,198.156.119.65,cohalloranh2,34
616,Fred,Greenin,fgreeninh3@pbs.org,Male,128.94.78.187,fgreeninh3,57
617,Lucio,Lawty,llawtyh4@cisco.com,Male,217.25.253.163,llawtyh4,37
618,Lavina,Manby,lmanbyh5@noaa.gov,Female,130.62.49.102,lmanbyh5,86
619,Keefe,McLuckie,kmcluckieh6@vimeo.com,Male,74.162.107.129,kmcluckieh6,21
620,Janna,Redmond,jredmondh7@fda.gov,Female,42.43.26.99,jredmondh7,16
621,Monty,Tomsen,mtomsenh8@t.co,Male,181.54.0.172,mtomsenh8,25
622,Belvia,Nancarrow,bnancarrowh9@columbia.edu,Female,180.154.160.212,bnancarrowh9,84
623,Kristin,Charle,kcharleha@bizjournals.com,Female,118.216.175.89,kcharleha,38
624,Caro,Ible,ciblehb@artisteer.com,Bigender,181.18.115.94,ciblehb,39
625,Marilyn,Killgus,mkillgushc@wunderground.com,Female,128.73.143.3,mkillgushc,43
626,Ryan,Ghidetti,rghidettihd@eventbrite.com,Male,46.32.43.189,rghidettihd,4
627,Saundra,Robbeke,srobbekehe@behance.net,Male,187.56.182.163,srobbekehe,19
628,Jaquenette,Shutt,jshutthf@smugmug.com,Polygender,34.32.43.181,jshutthf,5
629,Irina,Rew,irewhg@army.mil,Female,245.177.75.167,irewhg,36
630,Caldwell,Roiz,croizhh@newyorker.com,Male,7.186.180.154,croizhh,35
631,Darcee,Kocher,dkocherhi@csmonitor.com,Female,234.21.221.153,dkocherhi,56
632,Lydon,Cavie,lcaviehj@dropbox.com,Male,186.30.185.202,lcaviehj,5
633,Torey,Gawkes,tgawkeshk@reference.com,Male,154.181.45.174,tgawkeshk,62
634,Cherilyn,Anthoney,canthoneyhl@forbes.com,Female,93.194.186.177,canthoneyhl,49
635,Yule,Bercevelo,ybercevelohm@nasa.gov,Male,176.217.111.137,ybercevelohm,99
636,Fawne,Tremathick,ftremathickhn@vimeo.com,Female,243.188.109.55,ftremathickhn,6
637,Cindee,Gillum,cgillumho@vimeo.com,Bigender,106.74.125.44,cgillumho,7
638,Phillis,Rosenfarb,prosenfarbhp@twitpic.com,Bigender,119.74.62.91,prosenfarbhp,86
639,Cesar,Fihelly,cfihellyhq@bloglovin.com,Male,223.172.32.56,cfihellyhq,6
640,Karoly,Pine,kpinehr@comcast.net,Male,183.224.184.234,kpinehr,30
641,Margarette,Frowen,mfrowenhs@un.org,Female,119.242.130.180,mfrowenhs,4
642,Christan,Mortell,cmortellht@howstuffworks.com,Non-binary,111.173.228.14,cmortellht,45
643,Theodosia,Batch,tbatchhu@1688.com,Female,37.215.246.3,tbatchhu,69
644,Mallissa,Spinozzi,mspinozzihv@java.com,Female,225.182.32.24,mspinozzihv,27
645,Hew,Alleyne,halleynehw@topsy.com,Male,0.212.13.78,halleynehw,63
646,Crosby,Gregine,cgreginehx@is.gd,Male,68.117.128.72,cgreginehx,86
647,Celinda,Monkman,cmonkmanhy@youku.com,Female,240.166.40.212,cmonkmanhy,72
648,Gennie,Aysik,gaysikhz@usatoday.com,Non-binary,208.214.4.164,gaysikhz,50
649,Jessy,de Wilde,jdewildei0@ibm.com,Female,26.22.186.141,jdewildei0,94
650,Ky,Challoner,kchalloneri1@technorati.com,Male,132.49.200.254,kchalloneri1,93
651,Silvanus,Farnon,sfarnoni2@biblegateway.com,Male,36.175.226.36,sfarnoni2,17
652,Amberly,Rennison,arennisoni3@domainmarket.com,Female,210.21.156.153,arennisoni3,80
653,Fenelia,McKibbin,fmckibbini4@unblog.fr,Female,68.171.163.71,fmckibbini4,34
654,Clint,Dunton,cduntoni5@theatlantic.com,Male,76.51.86.213,cduntoni5,89
655,Imelda,Nurden,inurdeni6@dyndns.org,Female,118.21.78.141,inurdeni6,56
656,Gweneth,Nowakowska,gnowakowskai7@senate.gov,Female,208.3.206.235,gnowakowskai7,69
657,Johann,Cockle,jcocklei8@npr.org,Male,187.61.110.99,jcocklei8,52
658,Cordy,Haile,chailei9@prweb.com,Female,141.69.53.133,chailei9,26
659,Nanine,Pikett,npikettia@bloglines.com,Female,78.1.238.187,npikettia,86
660,Merill,Symonds,msymondsib@lulu.com,Male,29.10.167.200,msymondsib,91
661,Rudd,McPeck,rmcpeckic@who.int,Male,112.123.111.251,rmcpeckic,65
662,Prescott,Gazzard,pgazzardid@altervista.org,Male,87.193.139.141,pgazzardid,96
663,Michaeline,Hallbord,mhallbordie@ebay.co.uk,Female,87.104.62.78,mhallbordie,68
664,Aeriell,Grissett,agrissettif@aboutads.info,Female,200.112.136.236,agrissettif,91
665,Marietta,Methley,mmethleyig@storify.com,Male,82.59.198.42,mmethleyig,89
666,Beckie,Camocke,bcamockeih@msu.edu,Female,94.72.51.194,bcamockeih,88
667,Noach,Prew,nprewii@unesco.org,Male,10.76.64.198,nprewii,30
668,Doyle,Pifford,dpiffordij@flickr.com,Male,48.57.133.224,dpiffordij,74
669,Halsy,Sayburn,hsayburnik@tmall.com,Male,221.127.183.77,hsayburnik,83
670,Tammie,Hinkley,thinkleyil@elegantthemes.com,Female,141.16.40.166,thinkleyil,55
671,Charlie,Savery,csaveryim@unblog.fr,Male,215.119.140.135,csaveryim,48
672,Charis,Lahy,clahyin@salon.com,Female,232.209.3.240,clahyin,17
673,Philipa,Craigg,pcraiggio@t-online.de,Female,107.248.143.34,pcraiggio,20
674,Brandy,Rishbrook,brishbrookip@wikipedia.org,Male,215.18.132.44,brishbrookip,77
675,Benni,Birtley,bbirtleyiq@printfriendly.com,Female,30.57.252.130,bbirtleyiq,46
676,Katerine,Bedminster,kbedminsterir@example.com,Female,58.33.231.96,kbedminsterir,26
677,Danica,Tesche,dtescheis@elpais.com,Female,99.106.104.30,dtescheis,24
678,Alyce,Witheridge,awitheridgeit@hubpages.com,Female,118.147.78.215,awitheridgeit,40
679,Lin,Kubacek,lkubacekiu@ask.com,Female,62.216.24.157,lkubacekiu,73
680,Regan,Bothram,rbothramiv@cnn.com,Female,107.97.49.137,rbothramiv,25
681,Shel,Emtage,semtageiw@meetup.com,Non-binary,187.178.85.100,semtageiw,67
682,Clemente,Grindle,cgrindleix@spiegel.de,Genderqueer,169.114.125.106,cgrindleix,12
683,Marla,Astall,mastalliy@networkadvertising.org,Female,77.158.210.123,mastalliy,18
684,Eolanda,Yekel,eyekeliz@gizmodo.com,Female,124.233.176.51,eyekeliz,81
685,Rossy,Chesnay,rchesnayj0@bizjournals.com,Male,35.225.251.161,rchesnayj0,8
686,Galina,Carmody,gcarmodyj1@dell.com,Female,48.228.91.90,gcarmodyj1,80
687,Berti,Prescote,bprescotej2@lycos.com,Male,37.77.55.167,bprescotej2,8
688,Gene,Paulet,gpauletj3@miibeian.gov.cn,Male,23.247.89.155,gpauletj3,5
689,Xenia,Longworth,xlongworthj4@usa.gov,Female,185.176.91.60,xlongworthj4,27
690,Dolf,Allsop,dallsopj5@reddit.com,Male,15.209.84.149,dallsopj5,98
691,Val,Benedyktowicz,vbenedyktowiczj6@smugmug.com,Female,215.20.175.40,vbenedyktowiczj6,54
692,Ellyn,Wickliffe,ewickliffej7@nsw.gov.au,Female,109.68.99.184,ewickliffej7,52
693,Eleanor,Stainbridge,estainbridgej8@kickstarter.com,Female,114.135.244.18,estainbridgej8,15
694,Alene,Caunt,acauntj9@unicef.org,Female,182.47.165.228,acauntj9,83
695,Rosemarie,Pickavance,rpickavanceja@4shared.com,Female,114.56.153.193,rpickavanceja,89
696,Baird,Dickins,bdickinsjb@marriott.com,Male,197.20.221.36,bdickinsjb,95
697,Ewan,Seys,eseysjc@infoseek.co.jp,Male,168.36.105.73,eseysjc,33
698,Conny,Stonelake,cstonelakejd@tmall.com,Male,6.211.243.221,cstonelakejd,93
699,Sheila,Shireff,sshireffje@cafepress.com,Female,226.191.166.109,sshireffje,23
700,Fremont,Carbin,fcarbinjf@icq.com,Male,18.224.240.143,fcarbinjf,41
701,Hilde,Frye,hfryejg@chron.com,Female,209.181.234.76,hfryejg,32
702,Sonnnie,Hully,shullyjh@topsy.com,Female,128.59.41.146,shullyjh,98
703,Lay,Josephs,ljosephsji@wikia.com,Male,3.159.230.103,ljosephsji,59
704,Karoly,Coppock.,kcoppockjj@skype.com,Male,91.43.25.110,kcoppockjj,25
705,Tera,Stacey,tstaceyjk@dot.gov,Female,61.221.100.135,tstaceyjk,99
706,Orland,Swanborough,oswanboroughjl@cnet.com,Male,7.149.217.217,oswanboroughjl,2
707,Stewart,Stood,sstoodjm@archive.org,Male,165.222.59.113,sstoodjm,15
708,Malcolm,Beardshall,mbeardshalljn@nationalgeographic.com,Male,10.128.99.154,mbeardshalljn,25
709,Ced,Westwick,cwestwickjo@mit.edu,Male,173.173.59.186,cwestwickjo,34
710,Orin,Rissom,orissomjp@gmpg.org,Male,204.79.244.40,orissomjp,87
711,Kendricks,Atherley,katherleyjq@reference.com,Male,214.140.146.48,katherleyjq,32
712,Clayborne,Gellier,cgellierjr@hhs.gov,Male,52.159.82.219,cgellierjr,31
713,Fran,Kaine,fkainejs@phpbb.com,Male,225.220.93.178,fkainejs,83
714,Durante,Gowdy,dgowdyjt@squarespace.com,Agender,60.235.230.49,dgowdyjt,50
715,Rania,Arr,rarrju@wikia.com,Female,100.244.131.139,rarrju,55
716,Amalia,Rathe,arathejv@whitehouse.gov,Female,97.134.23.10,arathejv,99
717,Arliene,Brounfield,abrounfieldjw@barnesandnoble.com,Female,134.169.157.28,abrounfieldjw,70
718,Hali,Deevey,hdeeveyjx@yahoo.co.jp,Female,154.37.127.146,hdeeveyjx,58
719,Marylou,Stallard,mstallardjy@ox.ac.uk,Female,40.3.42.160,mstallardjy,4
720,Corty,Yakunchikov,cyakunchikovjz@rambler.ru,Male,79.174.199.8,cyakunchikovjz,72
721,Jeth,Olijve,jolijvek0@amazonaws.com,Male,171.62.254.90,jolijvek0,64
722,Adolphus,Ivanishchev,aivanishchevk1@1und1.de,Male,108.219.217.102,aivanishchevk1,38
723,Amory,Harrinson,aharrinsonk2@prnewswire.com,Bigender,70.25.32.18,aharrinsonk2,18
724,Damian,Greenan,dgreenank3@unblog.fr,Male,53.208.128.250,dgreenank3,7
725,Kirsten,Ryhorovich,kryhorovichk4@github.io,Female,133.53.75.4,kryhorovichk4,2
726,Willa,Catlette,wcatlettek5@tripadvisor.com,Female,108.178.39.229,wcatlettek5,49
727,Kriste,Jelliman,kjellimank6@over-blog.com,Female,26.73.66.38,kjellimank6,73
728,Lilias,Ibbetson,libbetsonk7@storify.com,Female,23.157.222.6,libbetsonk7,54
729,Edik,Dawkins,edawkinsk8@lycos.com,Non-binary,163.130.222.249,edawkinsk8,84
730,Meta,O'Reilly,moreillyk9@prlog.org,Non-binary,206.178.7.229,moreillyk9,70
731,Sonya,Naulls,snaullska@zdnet.com,Female,133.154.171.3,snaullska,10
732,Joya,Pearmine,jpearminekb@cloudflare.com,Polygender,49.127.186.51,jpearminekb,55
733,Garvin,Thompson,gthompsonkc@phoca.cz,Male,152.148.118.82,gthompsonkc,57
734,Wandis,Maylor,wmaylorkd@who.int,Female,31.30.94.88,wmaylorkd,87
735,Harriot,Stredwick,hstredwickke@chron.com,Female,143.238.125.173,hstredwickke,37
736,Ruperta,Bisacre,rbisacrekf@blogs.com,Female,200.216.0.17,rbisacrekf,69
737,Pauline,Elstone,pelstonekg@merriam-webster.com,Female,115.85.152.197,pelstonekg,82
738,Allayne,Gravett,agravettkh@pagesperso-orange.fr,Male,108.175.78.121,agravettkh,64
739,Jard,Caldwall,jcaldwallki@businessweek.com,Agender,11.223.150.230,jcaldwallki,44
740,Kingston,Tomsen,ktomsenkj@topsy.com,Male,8.192.239.175,ktomsenkj,60
741,Aldrich,Perryn,aperrynkk@nymag.com,Male,39.6.152.196,aperrynkk,98
742,Graehme,Grooby,ggroobykl@ehow.com,Male,20.127.158.114,ggroobykl,8
743,Dud,Thomazet,dthomazetkm@clickbank.net,Male,124.170.0.78,dthomazetkm,13
744,Fritz,Rathjen,frathjenkn@zdnet.com,Male,165.171.213.72,frathjenkn,68
745,Eloisa,Clague,eclagueko@mapquest.com,Female,166.110.253.66,eclagueko,89
746,Forester,Gerber,fgerberkp@google.cn,Male,177.47.243.224,fgerberkp,54
747,Leena,Wilsee,lwilseekq@ted.com,Female,226.197.166.240,lwilseekq,28
748,Juliana,Hukin,jhukinkr@shop-pro.jp,Female,185.252.125.109,jhukinkr,60
749,Jaime,Gregorace,jgregoraceks@amazon.de,Male,190.90.164.59,jgregoraceks,27
750,Pearla,Meegan,pmeegankt@w3.org,Female,205.57.31.190,pmeegankt,85
751,Brok,Mapis,bmapisku@themeforest.net,Male,171.197.127.44,bmapisku,91
752,Leroi,Hearley,lhearleykv@virginia.edu,Male,168.184.144.222,lhearleykv,91
753,Roddy,Hark,rharkkw@comsenz.com,Male,46.17.241.140,rharkkw,7
754,Corney,Weeke,cweekekx@ebay.co.uk,Male,92.52.241.61,cweekekx,23
755,Thorn,Garlant,tgarlantky@diigo.com,Male,127.47.60.252,tgarlantky,35
756,Inna,Ransom,iransomkz@mapquest.com,Female,46.92.103.98,iransomkz,96
757,Marga,Bovingdon,mbovingdonl0@toplist.cz,Polygender,251.132.194.208,mbovingdonl0,77
758,Padraic,Karadzas,pkaradzasl1@google.fr,Male,84.126.70.6,pkaradzasl1,87
759,Ferdinand,Hurche,fhurchel2@webs.com,Genderqueer,86.15.198.11,fhurchel2,39
760,Cate,Caroll,ccarolll3@studiopress.com,Female,183.81.162.68,ccarolll3,52
761,Kelcie,Elington,kelingtonl4@baidu.com,Female,30.220.134.173,kelingtonl4,71
762,Helene,Paul,hpaull5@multiply.com,Female,151.166.124.155,hpaull5,93
763,Magda,Ruby,mrubyl6@a8.net,Female,121.52.110.42,mrubyl6,83
764,Hanna,Crebbin,hcrebbinl7@cisco.com,Female,185.62.55.193,hcrebbinl7,38
765,Anna-diane,Dallicoat,adallicoatl8@hubpages.com,Female,141.105.29.240,adallicoatl8,44
766,Carma,Gallardo,cgallardol9@angelfire.com,Bigender,159.141.104.221,cgallardol9,55
767,Ingram,Glendzer,iglendzerla@tuttocitta.it,Male,57.42.125.44,iglendzerla,59
768,Lanita,Tommasetti,ltommasettilb@creativecommons.org,Female,83.200.2.60,ltommasettilb,88
769,Burgess,Harder,bharderlc@rambler.ru,Male,32.101.64.184,bharderlc,99
770,Malynda,Wildman,mwildmanld@hubpages.com,Female,116.54.112.130,mwildmanld,49
771,Brennen,Seagood,bseagoodle@goo.gl,Male,107.196.233.248,bseagoodle,19
772,Christean,Antrag,cantraglf@army.mil,Female,30.108.82.150,cantraglf,36
773,Cull,Sanja,csanjalg@bing.com,Male,115.126.79.42,csanjalg,77
774,Alaine,Vallis,avallislh@npr.org,Female,69.124.61.24,avallislh,62
775,Coleman,Vinau,cvinauli@microsoft.com,Male,19.140.108.231,cvinauli,54
776,Berne,McGurgan,bmcgurganlj@zdnet.com,Male,119.178.155.19,bmcgurganlj,33
777,Ignacius,Ragbourn,iragbournlk@merriam-webster.com,Agender,251.210.92.186,iragbournlk,85
778,Eve,Dutnell,edutnellll@newsvine.com,Female,142.114.37.12,edutnellll,98
779,Vonny,Breen,vbreenlm@xinhuanet.com,Female,147.168.3.40,vbreenlm,88
780,Tybie,Featley,tfeatleyln@google.nl,Female,250.212.167.109,tfeatleyln,8
781,Verene,Musico,vmusicolo@usgs.gov,Female,78.220.144.228,vmusicolo,26
782,Levey,Veschambes,lveschambeslp@marketwatch.com,Male,73.61.153.37,lveschambeslp,39
783,Lucky,Foxon,lfoxonlq@blogger.com,Female,20.36.207.140,lfoxonlq,82
784,Vivi,Franzen,vfranzenlr@gizmodo.com,Female,49.77.7.54,vfranzenlr,20
785,Jedediah,Howsley,jhowsleyls@wisc.edu,Male,239.12.6.235,jhowsleyls,100
786,Rozanna,Bullivent,rbulliventlt@netlog.com,Female,169.92.34.65,rbulliventlt,74
787,Valerye,Buchanan,vbuchananlu@tinypic.com,Female,144.244.166.243,vbuchananlu,28
788,Carolus,Muat,cmuatlv@printfriendly.com,Polygender,253.206.146.108,cmuatlv,58
789,Hannie,Ivakhin,hivakhinlw@prlog.org,Female,221.151.220.96,hivakhinlw,35
790,Vikki,Mutimer,vmutimerlx@hugedomains.com,Female,162.96.179.177,vmutimerlx,21
791,Cari,Forgan,cforganly@dell.com,Female,151.128.34.241,cforganly,96
792,Babbie,Delany,bdelanylz@geocities.jp,Agender,166.64.93.198,bdelanylz,54
793,Bartlett,Weigh,bweighm0@craigslist.org,Male,161.206.138.144,bweighm0,93
794,Davin,Wafer,dwaferm1@si.edu,Male,222.118.132.146,dwaferm1,77
795,Delilah,Rafferty,draffertym2@elegantthemes.com,Female,3.214.161.222,draffertym2,74
796,Willow,Champe,wchampem3@sciencedaily.com,Female,129.82.207.196,wchampem3,51
797,Vania,Jasper,vjasperm4@ebay.co.uk,Female,84.255.188.248,vjasperm4,46
798,Chandler,McCaughey,cmccaugheym5@joomla.org,Male,27.214.2.78,cmccaugheym5,77
799,Hazel,Guilder,hguilderm6@ebay.com,Male,39.243.129.116,hguilderm6,47
800,Whitby,McGilleghole,wmcgillegholem7@slate.com,Male,35.203.56.123,wmcgillegholem7,39
801,Ardyth,Shekle,asheklem8@jugem.jp,Polygender,205.220.26.33,asheklem8,19
802,Ramsay,Marieton,rmarietonm9@github.com,Male,247.166.43.79,rmarietonm9,7
803,Renado,Okill,rokillma@elegantthemes.com,Male,10.233.118.126,rokillma,6
804,Hildy,Walisiak,hwalisiakmb@topsy.com,Female,160.186.157.0,hwalisiakmb,1
805,Martelle,Corzon,mcorzonmc@liveinternet.ru,Female,199.192.216.208,mcorzonmc,44
806,Angeli,Raubenheim,araubenheimmd@seattletimes.com,Male,174.145.92.243,araubenheimmd,16
807,Chandler,Monkleigh,cmonkleighme@ocn.ne.jp,Male,6.178.233.208,cmonkleighme,81
808,Pippy,Pamment,ppammentmf@pen.io,Female,3.252.185.7,ppammentmf,44
809,Adrian,Selley,aselleymg@skype.com,Female,191.215.90.142,aselleymg,86
810,Gaby,Fishley,gfishleymh@sfgate.com,Female,178.88.239.108,gfishleymh,62
811,Jarrett,Purselowe,jpurselowemi@php.net,Male,204.100.152.8,jpurselowemi,95
812,Jsandye,Nickell,jnickellmj@yahoo.com,Female,136.162.82.55,jnickellmj,13
813,Pammy,Cove,pcovemk@wisc.edu,Female,66.199.246.19,pcovemk,29
814,Jessalyn,Enefer,jeneferml@google.co.jp,Female,105.7.108.116,jeneferml,28
815,Ericha,Bodham,ebodhammm@bigcartel.com,Female,98.50.114.185,ebodhammm,4
816,Maggie,Jerrard,mjerrardmn@youku.com,Agender,22.6.161.36,mjerrardmn,26
817,Bronny,Chater,bchatermo@usnews.com,Male,173.107.234.143,bchatermo,30
818,Jermayne,Kingscote,jkingscotemp@google.co.jp,Male,248.72.214.115,jkingscotemp,99
819,Phineas,Glabach,pglabachmq@ocn.ne.jp,Genderqueer,58.0.182.252,pglabachmq,100
820,Bourke,Andreazzi,bandreazzimr@g.co,Male,126.18.96.44,bandreazzimr,53
821,Raimondo,Laurenz,rlaurenzms@technorati.com,Male,250.100.156.79,rlaurenzms,11
822,Gordon,Peyton,gpeytonmt@unc.edu,Male,231.72.82.46,gpeytonmt,52
823,Wilmer,Tallant,wtallantmu@creativecommons.org,Male,189.172.22.58,wtallantmu,62
824,Virgina,Nunes Nabarro,vnunesnabarromv@digg.com,Female,56.139.163.228,vnunesnabarromv,7
825,Donavon,Openshaw,dopenshawmw@goo.gl,Male,56.170.82.165,dopenshawmw,86
826,Aloysius,Bartke,abartkemx@issuu.com,Male,118.108.92.67,abartkemx,39
827,Gianina,Leupoldt,gleupoldtmy@soup.io,Female,69.191.51.50,gleupoldtmy,99
828,Scarface,Breen,sbreenmz@flickr.com,Male,247.114.126.42,sbreenmz,52
829,Taite,M'Quhan,tmquhann0@feedburner.com,Male,199.154.245.206,tmquhann0,57
830,Goraud,Spinelli,gspinellin1@reddit.com,Male,149.84.133.178,gspinellin1,9
831,Mayne,Fidelus,mfidelusn2@w3.org,Male,131.90.184.191,mfidelusn2,83
832,Bengt,Blazic,bblazicn3@arstechnica.com,Male,210.246.170.158,bblazicn3,4
833,Chic,Ghidetti,cghidettin4@vk.com,Genderfluid,121.62.25.177,cghidettin4,56
834,Karla,Gummory,kgummoryn5@digg.com,Female,154.179.60.145,kgummoryn5,4
835,Manda,Litchfield,mlitchfieldn6@java.com,Female,120.36.240.132,mlitchfieldn6,2
836,Kelsy,Carlet,kcarletn7@ihg.com,Female,168.110.220.31,kcarletn7,36
837,Thadeus,Eliasen,teliasenn8@bloomberg.com,Male,122.102.3.205,teliasenn8,52
838,Fidel,Gravenor,fgravenorn9@bbb.org,Male,244.35.13.207,fgravenorn9,100
839,Keefer,Congdon,kcongdonna@rambler.ru,Male,18.239.198.12,kcongdonna,31
840,Clerissa,Girth,cgirthnb@java.com,Female,208.28.49.149,cgirthnb,27
841,Pepi,Corneille,pcorneillenc@barnesandnoble.com,Female,111.228.241.166,pcorneillenc,48
842,Wilbert,McGrirl,wmcgrirlnd@va.gov,Male,169.140.176.255,wmcgrirlnd,21
843,Saleem,Chiswell,schiswellne@pagesperso-orange.fr,Male,229.124.240.112,schiswellne,15
844,Agnola,Heephy,aheephynf@prlog.org,Female,11.183.232.97,aheephynf,89
845,Emile,Itzchaky,eitzchakyng@usatoday.com,Male,140.194.238.174,eitzchakyng,82
846,Stanly,Durward,sdurwardnh@forbes.com,Male,60.154.193.168,sdurwardnh,6
847,Randee,Merrett,rmerrettni@example.com,Female,225.141.105.112,rmerrettni,61
848,Marshal,Dubbin,mdubbinnj@ezinearticles.com,Male,36.67.233.213,mdubbinnj,9
849,Elayne,Moroney,emoroneynk@microsoft.com,Genderfluid,96.215.82.196,emoroneynk,93
850,Judy,Rimmer,jrimmernl@theatlantic.com,Female,118.25.162.220,jrimmernl,68
851,Hilton,Chown,hchownnm@macromedia.com,Male,144.189.95.78,hchownnm,53
852,Verna,Biggerstaff,vbiggerstaffnn@seesaa.net,Female,124.222.150.166,vbiggerstaffnn,14
853,Kerrie,Cammis,kcammisno@github.com,Female,87.155.179.114,kcammisno,43
854,Milt,McQueen,mmcqueennp@virginia.edu,Male,234.226.222.40,mmcqueennp,40
855,Brnaba,Knewstub,bknewstubnq@livejournal.com,Male,170.80.247.144,bknewstubnq,84
856,Dieter,Allwell,dallwellnr@un.org,Male,196.145.74.72,dallwellnr,5
857,Hilary,Caulcutt,hcaulcuttns@last.fm,Male,37.107.64.254,hcaulcuttns,49
858,Kyle,Tolworthie,ktolworthient@ca.gov,Non-binary,133.14.233.164,ktolworthient,69
859,Xylia,Terbeck,xterbecknu@tumblr.com,Female,25.20.142.217,xterbecknu,7
860,Dorolisa,O'Crotty,docrottynv@dell.com,Female,36.117.58.123,docrottynv,25
861,Yves,Du Hamel,yduhamelnw@vkontakte.ru,Male,255.3.73.112,yduhamelnw,36
862,Tamera,Le Page,tlepagenx@weibo.com,Female,133.253.240.155,tlepagenx,79
863,Nonna,Manderson,nmandersonny@hp.com,Female,100.21.20.29,nmandersonny,20
864,Walton,Carnie,wcarnienz@eventbrite.com,Male,121.73.140.90,wcarnienz,38
865,Dennis,Pennington,dpenningtono0@imdb.com,Male,135.74.184.43,dpenningtono0,80
866,Sonya,Conley,sconleyo1@forbes.com,Agender,252.102.106.195,sconleyo1,8
867,Sven,Athowe,sathoweo2@sogou.com,Male,80.118.114.105,sathoweo2,14
868,Mathilde,Zecchini,mzecchinio3@wunderground.com,Female,203.137.230.70,mzecchinio3,64
869,Kincaid,Alti,kaltio4@oracle.com,Male,230.75.226.19,kaltio4,62
870,Caryn,McKibbin,cmckibbino5@simplemachines.org,Female,208.254.175.156,cmckibbino5,46
871,Christiano,Brogioni,cbrogionio6@paypal.com,Male,44.42.76.202,cbrogionio6,85
872,Hercule,Viggars,hviggarso7@baidu.com,Male,69.236.127.69,hviggarso7,95
873,Essy,Paulo,epauloo8@nationalgeographic.com,Female,127.146.59.54,epauloo8,97
874,Korry,Ridgedell,kridgedello9@ucla.edu,Genderqueer,161.185.107.131,kridgedello9,8
875,Rooney,Tanswill,rtanswilloa@sogou.com,Male,185.94.154.89,rtanswilloa,11
876,Roshelle,Ghelardi,rghelardiob@amazon.com,Agender,185.243.41.113,rghelardiob,51
877,Krispin,Wyard,kwyardoc@tamu.edu,Male,126.112.209.180,kwyardoc,67
878,Cly,Crat,ccratod@state.tx.us,Non-binary,104.171.199.143,ccratod,79
879,Shara,Llywarch,sllywarchoe@loc.gov,Female,1.92.1.206,sllywarchoe,33
880,Carline,de Almeida,cdealmeidaof@skype.com,Female,99.233.153.246,cdealmeidaof,97
881,Aksel,Derl,aderlog@cmu.edu,Male,148.12.163.33,aderlog,1
882,Janna,McGuirk,jmcguirkoh@ca.gov,Female,98.113.138.214,jmcguirkoh,20
883,Sarge,Jump,sjumpoi@hostgator.com,Non-binary,158.193.105.81,sjumpoi,62
884,Mendy,Sante,msanteoj@trellian.com,Male,52.151.152.168,msanteoj,42
885,Arlinda,Kliche,aklicheok@census.gov,Female,129.96.103.32,aklicheok,7
886,Kally,Farquarson,kfarquarsonol@google.co.uk,Female,54.23.100.185,kfarquarsonol,64
887,Fields,Coulthart,fcoulthartom@who.int,Genderfluid,10.96.225.114,fcoulthartom,89
888,Burgess,Agglione,bagglioneon@altervista.org,Male,224.233.240.252,bagglioneon,48
889,Darnall,Lowdeane,dlowdeaneoo@ning.com,Male,242.46.134.211,dlowdeaneoo,36
890,Andrej,Gourdon,agourdonop@nifty.com,Male,163.212.138.32,agourdonop,75
891,Wilfred,Laing,wlaingoq@howstuffworks.com,Male,21.88.2.83,wlaingoq,74
892,Thaddeus,Reglar,treglaror@yandex.ru,Male,142.216.21.44,treglaror,29
893,Cortie,Diviny,cdivinyos@geocities.jp,Male,40.217.139.8,cdivinyos,54
894,Alexi,Samber,asamberot@ted.com,Female,77.183.224.148,asamberot,74
895,Enrika,Queenborough,equeenboroughou@webs.com,Female,141.147.171.230,equeenboroughou,61
896,Rois,Tapenden,rtapendenov@ovh.net,Female,219.166.147.155,rtapendenov,76
897,Therese,Bauldrey,tbauldreyow@simplemachines.org,Bigender,118.131.182.66,tbauldreyow,100
898,Normie,O'Connell,noconnellox@telegraph.co.uk,Male,47.82.180.5,noconnellox,3
899,Babita,Brennenstuhl,bbrennenstuhloy@scientificamerican.com,Female,238.64.54.155,bbrennenstuhloy,44
900,Marlo,Snedker,msnedkeroz@loc.gov,Male,224.194.236.47,msnedkeroz,12
901,Bibbye,Brameld,bbrameldp0@bbc.co.uk,Female,193.121.99.53,bbrameldp0,91
902,Cobby,Breton,cbretonp1@stanford.edu,Male,74.39.125.178,cbretonp1,87
903,Giffer,Aggiss,gaggissp2@qq.com,Male,20.0.75.104,gaggissp2,68
904,Jeanelle,Dillicate,jdillicatep3@de.vu,Female,98.150.68.117,jdillicatep3,77
905,Aldon,Kitney,akitneyp4@theguardian.com,Male,83.210.6.234,akitneyp4,31
906,Xylina,McVee,xmcveep5@taobao.com,Female,12.77.15.148,xmcveep5,60
907,Katha,Tasch,ktaschp6@intel.com,Female,78.129.8.73,ktaschp6,58
908,Kaycee,Henrie,khenriep7@wikispaces.com,Female,16.197.193.130,khenriep7,10
909,Zared,Weinham,zweinhamp8@com.com,Male,151.10.82.110,zweinhamp8,69
910,Geri,Hinksen,ghinksenp9@miitbeian.gov.cn,Female,149.160.124.182,ghinksenp9,63
911,Irina,Verdey,iverdeypa@howstuffworks.com,Female,8.170.241.247,iverdeypa,32
912,Conrad,Mattiato,cmattiatopb@epa.gov,Male,216.55.218.122,cmattiatopb,83
913,Rod,Cogin,rcoginpc@1und1.de,Male,97.43.16.4,rcoginpc,42
914,Jefferey,Ferrick,jferrickpd@craigslist.org,Male,194.123.205.190,jferrickpd,79
915,Wylma,Filchagin,wfilchaginpe@qq.com,Female,18.115.153.255,wfilchaginpe,78
916,Robby,Goudard,rgoudardpf@ed.gov,Female,150.95.136.146,rgoudardpf,51
917,Hammad,Tolworth,htolworthpg@devhub.com,Male,197.136.45.252,htolworthpg,1
918,Felicdad,Dominichetti,fdominichettiph@oracle.com,Female,120.224.96.68,fdominichettiph,7
919,Babbie,Sara,bsarapi@posterous.com,Female,106.9.198.144,bsarapi,8
920,Eldredge,Issakov,eissakovpj@cdbaby.com,Male,103.32.129.219,eissakovpj,94
921,Serge,Itzkovitch,sitzkovitchpk@wikia.com,Male,17.43.152.167,sitzkovitchpk,18
922,Katharyn,Decruse,kdecrusepl@vimeo.com,Female,252.151.108.156,kdecrusepl,1
923,Vallie,Montrose,vmontrosepm@cmu.edu,Female,248.251.33.79,vmontrosepm,65
924,Nolie,Basler,nbaslerpn@chronoengine.com,Female,242.61.44.76,nbaslerpn,37
925,Ber,Ivakin,bivakinpo@state.tx.us,Male,245.1.62.217,bivakinpo,70
926,Brooks,Coggin,bcogginpp@privacy.gov.au,Male,34.150.196.105,bcogginpp,48
927,Sharla,Ayllett,sayllettpq@house.gov,Female,43.204.16.206,sayllettpq,19
928,Gerhard,Haldene,ghaldenepr@dot.gov,Male,188.74.96.217,ghaldenepr,50
929,Ameline,Honacker,ahonackerps@studiopress.com,Female,69.74.27.44,ahonackerps,40
930,Nannette,Vickers,nvickerspt@sina.com.cn,Female,3.57.56.154,nvickerspt,98
931,Cassandre,Cafferty,ccaffertypu@livejournal.com,Genderfluid,63.13.198.161,ccaffertypu,90
932,Pebrook,Mooreed,pmooreedpv@marketwatch.com,Male,17.162.205.114,pmooreedpv,17
933,Gal,Jelf,gjelfpw@wikipedia.org,Male,217.213.102.77,gjelfpw,69
934,Welch,Yacob,wyacobpx@wikimedia.org,Male,11.238.163.251,wyacobpx,80
935,Bill,Macieja,bmaciejapy@google.de,Male,169.65.147.117,bmaciejapy,97
936,Anderea,Childers,achilderspz@admin.ch,Female,193.182.69.178,achilderspz,100
937,Quintina,Ormiston,qormistonq0@nyu.edu,Female,142.197.120.248,qormistonq0,49
938,Ardis,Normanell,anormanellq1@360.cn,Female,110.164.166.37,anormanellq1,57
939,Glenden,Aimer,gaimerq2@wikimedia.org,Male,165.160.193.116,gaimerq2,9
940,Gina,Dulake,gdulakeq3@sciencedaily.com,Female,43.63.215.36,gdulakeq3,91
941,Buckie,Billsberry,bbillsberryq4@theatlantic.com,Male,97.175.47.109,bbillsberryq4,23
942,Sydney,Lelliott,slelliottq5@psu.edu,Male,132.96.117.196,slelliottq5,62
943,Nathalie,Kerwin,nkerwinq6@macromedia.com,Female,43.99.191.28,nkerwinq6,99
944,Zacharia,Ferreira,zferreiraq7@wired.com,Male,200.193.10.12,zferreiraq7,14
945,Ned,Hissie,nhissieq8@sitemeter.com,Male,54.103.26.243,nhissieq8,27
946,Bogey,McCarroll,bmccarrollq9@ifeng.com,Male,144.43.152.205,bmccarrollq9,70
947,Rosabelle,Toms,rtomsqa@google.nl,Female,48.58.105.2,rtomsqa,38
948,Freemon,Gheerhaert,fgheerhaertqb@indiegogo.com,Male,28.202.83.6,fgheerhaertqb,7
949,Calla,Kendal,ckendalqc@google.co.uk,Non-binary,122.127.85.124,ckendalqc,83
950,Aldus,Yarrell,ayarrellqd@mysql.com,Male,26.209.113.152,ayarrellqd,20
951,Rayner,Brommage,rbrommageqe@twitpic.com,Male,229.197.5.255,rbrommageqe,57
952,Farlay,Cogin,fcoginqf@twitpic.com,Bigender,47.171.143.226,fcoginqf,61
953,Johnny,Schurcke,jschurckeqg@si.edu,Male,114.81.220.180,jschurckeqg,37
954,Siffre,MacCafferky,smaccafferkyqh@yelp.com,Male,151.107.62.175,smaccafferkyqh,87
955,Rodrique,Kellart,rkellartqi@last.fm,Male,231.179.115.155,rkellartqi,97
956,Margaux,Disbrey,mdisbreyqj@yellowbook.com,Female,123.129.218.175,mdisbreyqj,12
957,Merrick,Eckford,meckfordqk@samsung.com,Male,233.226.177.91,meckfordqk,66
958,Bonita,Stanyer,bstanyerql@intel.com,Female,216.153.3.8,bstanyerql,99
959,Jodi,Duesbury,jduesburyqm@eventbrite.com,Male,103.67.89.177,jduesburyqm,80
960,Fara,Strachan,fstrachanqn@wufoo.com,Female,6.239.55.29,fstrachanqn,43
961,Tabbitha,Deller,tdellerqo@mozilla.com,Female,239.32.235.42,tdellerqo,73
962,Imojean,Conant,iconantqp@accuweather.com,Female,231.158.9.132,iconantqp,64
963,Ivett,De Minico,ideminicoqq@virginia.edu,Female,69.41.206.45,ideminicoqq,31
964,Sherwynd,Meaton,smeatonqr@admin.ch,Male,115.179.198.156,smeatonqr,55
965,Gwenneth,Oleszczak,goleszczakqs@twitter.com,Female,160.39.1.224,goleszczakqs,9
966,Sayre,Altoft,saltoftqt@whitehouse.gov,Male,70.223.241.39,saltoftqt,5
967,Kerry,Spencer,kspencerqu@opera.com,Male,12.173.166.50,kspencerqu,30
968,Binky,McFaul,bmcfaulqv@google.com.hk,Male,215.139.78.49,bmcfaulqv,83
969,Hastie,Noorwood,hnoorwoodqw@fotki.com,Male,132.146.50.229,hnoorwoodqw,60
970,Taffy,Bridson,tbridsonqx@constantcontact.com,Bigender,183.255.9.139,tbridsonqx,93
971,Hildegarde,Fonte,hfonteqy@ebay.com,Female,0.11.165.27,hfonteqy,65
972,Yetty,Yancey,yyanceyqz@w3.org,Female,29.202.178.159,yyanceyqz,16
973,Lola,Loude,llouder0@symantec.com,Female,15.69.212.242,llouder0,21
974,Carlita,Awton,cawtonr1@gnu.org,Female,113.132.233.244,cawtonr1,80
975,Miranda,Einchcombe,meinchcomber2@live.com,Female,64.128.76.250,meinchcomber2,88
976,Pauly,Boyle,pboyler3@reddit.com,Female,193.125.159.53,pboyler3,14
977,Gawain,Hayman,ghaymanr4@springer.com,Male,70.184.91.116,ghaymanr4,98
978,Arleyne,Christene,achristener5@angelfire.com,Female,208.56.231.127,achristener5,73
979,Agneta,Scutchin,ascutchinr6@columbia.edu,Female,218.197.94.106,ascutchinr6,76
980,Cristina,Zwicker,czwickerr7@chronoengine.com,Female,237.240.120.236,czwickerr7,99
981,Elisha,Crisford,ecrisfordr8@msu.edu,Male,56.168.64.199,ecrisfordr8,89
982,Bernardine,Pring,bpringr9@globo.com,Female,4.96.137.2,bpringr9,66
983,Maude,Island,mislandra@google.nl,Female,233.254.129.159,mislandra,81
984,Madelon,Cullinan,mcullinanrb@rediff.com,Female,55.55.48.144,mcullinanrb,25
985,Oran,Whitby,owhitbyrc@xing.com,Polygender,88.180.36.36,owhitbyrc,22
986,Kale,Geffe,kgefferd@csmonitor.com,Male,166.35.168.139,kgefferd,93
987,Giordano,Scough,gscoughre@comcast.net,Male,212.83.107.229,gscoughre,15
988,Benetta,Kinset,bkinsetrf@upenn.edu,Female,141.20.219.80,bkinsetrf,62
989,Erminia,Charlo,echarlorg@wired.com,Female,200.52.237.206,echarlorg,12
990,Gnni,Bremley,gbremleyrh@google.com.br,Agender,40.153.204.27,gbremleyrh,15
991,Amy,Runham,arunhamri@sourceforge.net,Female,106.76.33.133,arunhamri,6
992,Gilberta,Conant,gconantrj@arizona.edu,Female,40.219.80.148,gconantrj,52
993,Goddart,Battrick,gbattrickrk@mtv.com,Male,230.31.100.154,gbattrickrk,79
994,Fin,Cannicott,fcannicottrl@nyu.edu,Male,205.96.41.1,fcannicottrl,91
995,Rosaleen,Hairyes,rhairyesrm@github.io,Female,110.166.76.82,rhairyesrm,2
996,Maryjane,Pougher,mpougherrn@vistaprint.com,Female,135.111.82.240,mpougherrn,94
997,Elwyn,Hafner,ehafnerro@xing.com,Male,87.57.13.44,ehafnerro,84
998,Mead,Corteney,mcorteneyrp@shareasale.com,Female,54.18.236.135,mcorteneyrp,51
999,Jonis,Joriot,jjoriotrq@cornell.edu,Female,25.164.27.156,jjoriotrq,53
1000,Marietta,Christophle,mchristophlerr@myspace.com,Male,85.245.201.79,mchristophlerr,32
